Morris,1,2,0.000549763276808537,0.5
Sobol,1,2,0.013210828015249048,0.4856534557912246
Fast,1,2,0.12426155498743001,0.34675191549063206
RDB-Fast,1,2,0.057119314188363655,0.587389898989166
Delta,1,2,0.028072650209410837,0.3996059062106413
DGSM,1,2,0.00029268622551702694,0.49999999999999983
R2,1,2,2.935150295492054e-07,0.5
Pearson,1,2,0.011354265953975831,0.3364003118120331
RF,1,2,0.0034981435737057075,0.5
Linear,1,2,0.018203227268032716,0.49999999999999994
Morris,2,2,7.32368470839572e-15,0.49999999999999994
Sobol,2,2,0.0009882958927615135,0.5008211904254039
Fast,2,2,0.24248114646362012,0.35510537271116205
RDB-Fast,2,2,0.10583524818830746,0.596572573551103
Delta,2,2,0.08224838020081326,0.3792005193514434
DGSM,2,2,9.045619110885505e-29,0.4999999999999997
R2,2,2,7.343391599324894e-16,0.49999999999999994
Pearson,2,2,0.013309722504756651,0.20476602825569282
RF,2,2,0.01567020387119897,0.49999999999999994
Linear,2,2,0.05363653882740267,0.5000000000000001
Morris,3,2,0.00026261735922446466,0.5
Sobol,3,2,0.0025281093420936717,0.5131606149357278
Fast,3,2,0.25422822361556363,0.3260047057448669
RDB-Fast,3,2,0.1007285394302829,0.587757505003751
Delta,3,2,0.021857653119205997,0.4465547804366979
DGSM,3,2,9.3339612769566e-05,0.5
R2,3,2,1.0218534457251722e-07,0.5
Pearson,3,2,0.005142561680193391,0.47982354655130316
RF,3,2,0.004390131378686438,0.49999999999999994
Linear,3,2,0.003235599203996463,0.5
Morris,4,2,0.0006804694572868467,0.5
Sobol,4,2,0.0226122918345841,0.5517677746410242
Fast,4,2,0.07964910831797876,0.3141503241403625
RDB-Fast,4,2,0.05558814389206747,0.5768673534063354
Delta,4,2,0.048137963693018156,0.3659892168805423
DGSM,4,2,0.010303629774597846,0.5000000000000001
R2,4,2,9.994228064923972e-07,0.5
Pearson,4,2,0.008644808732603499,0.4903776079956154
RF,4,2,0.011698477385250145,0.5
Linear,4,2,0.00646110488909285,0.5
Morris,5,2,6.290087198368712e-33,0.49999999999999983
Sobol,5,2,0.00406210078683168,0.5134928835012752
Fast,5,2,0.29064149772172526,0.3180369767763816
RDB-Fast,5,2,0.10212770037072834,0.5846459488492212
Delta,5,2,0.011318372688848131,0.48725397262822195
DGSM,5,2,9.84852266241183e-29,0.49999999999999994
R2,5,2,5.988470434483248e-06,0.5
Pearson,5,2,0.008392611732456945,0.5713368329608781
RF,5,2,0.0023538474527374344,0.5000000000000001
Linear,5,2,1.9846708076910465e-32,0.49999999999999983
Morris,6,2,0.0007239370100694465,0.5
Sobol,6,2,0.0028674919199605554,0.47748001648715366
Fast,6,2,0.20450903516069607,0.31257918884383135
RDB-Fast,6,2,0.08806443139314504,0.5725045936224917
Delta,6,2,0.009709759519642935,0.45335858441792226
DGSM,6,2,1.9610227566718825e-06,0.5
R2,6,2,2.8107544909254455e-13,0.5
Pearson,6,2,0.0054981096515443265,0.600551867583761
RF,6,2,0.002339150527825374,0.5
Linear,6,2,0.0011440561062264457,0.5
Morris,7,2,0.001151085084108663,0.5
Sobol,7,2,0.08229016445249365,0.06544255376111847
Fast,7,2,0.019444615011953957,0.18504016615751318
RDB-Fast,7,2,0.15168994862584512,0.3036495622493491
Delta,7,2,0.004280272487056135,0.12826097306635537
DGSM,7,2,0.13905271167343564,0.5
R2,7,2,6.560956347858446e-08,0.5
Pearson,7,2,0.010627433280157597,0.14991174259078982
RF,7,2,0.011593295257240753,0.5
Linear,7,2,0.029586133084010337,0.5
Morris,8,2,0.0001894670253313892,0.5
Sobol,8,2,0.0022746018006624008,0.49074279942283855
Fast,8,2,0.19354369770639465,0.31949145981044474
RDB-Fast,8,2,0.10097420676319184,0.5722101452628987
Delta,8,2,0.07757981514749228,0.34500370439599704
DGSM,8,2,1.8784599183833078e-06,0.5000000000000001
R2,8,2,5.514443733435684e-10,0.5
Pearson,8,2,0.008560950459139854,0.4012421465326553
RF,8,2,0.006157652849592221,0.5000000000000001
Linear,8,2,0.010209990989239668,0.5000000000000001
Morris,9,2,0.0033758305497842878,0.5
Sobol,9,2,0.10153176006785163,0.12149824601292783
Fast,9,2,0.019772854931766403,0.20522967487359783
RDB-Fast,9,2,0.14217079412124056,0.32842628876314095
Delta,9,2,0.0061433863013275,0.1659486717100908
DGSM,9,2,0.00014862215013411884,0.5
R2,9,2,4.817575993799295e-09,0.5
Pearson,9,2,0.01326781257910512,0.23854393752261652
RF,9,2,0.023170314062997716,0.5
Linear,9,2,0.01693558068631182,0.5
Morris,10,2,0.00043435276170208454,0.5
Sobol,10,2,0.01238814601101264,0.4765476757420058
Fast,10,2,0.20236368818343847,0.313730496326578
RDB-Fast,10,2,0.09904127611855257,0.5535663264469297
Delta,10,2,0.02477596999828881,0.41454727777435935
DGSM,10,2,2.1748325187790978e-08,0.5000000000000001
R2,10,2,6.127962472524076e-16,0.49999999999999994
Pearson,10,2,0.0081932781878757,0.4960385840056539
RF,10,2,0.003312592966851741,0.49999999999999983
Linear,10,2,0.004226543698321054,0.5000000000000001
Morris,11,2,0.0003433383980154217,0.49999999999999983
Sobol,11,2,0.016727934443807768,0.49124899465914185
Fast,11,2,0.20531813005430308,0.31192783005607944
RDB-Fast,11,2,0.09241269354293197,0.5611781626806736
Delta,11,2,0.014096706398771022,0.4532201944241981
DGSM,11,2,5.838936669207971e-08,0.5000000000000002
R2,11,2,1.555073517476044e-16,0.5
Pearson,11,2,0.007217918611198743,0.5855765657531293
RF,11,2,0.002394079843428946,0.5
Linear,11,2,0.0010560432381169188,0.5
Morris,12,2,1.6965281294141422e-06,0.5000000000000001
Sobol,12,2,0.02271144344229833,0.5453305773731503
Fast,12,2,0.21402724811093368,0.31564111362209535
RDB-Fast,12,2,0.10250220780660461,0.579811498671905
Delta,12,2,0.08291425586601489,0.3554038840812455
DGSM,12,2,2.659547891259755e-15,0.5000000000000001
R2,12,2,6.240029666040119e-21,0.5
Pearson,12,2,0.011454987229541922,0.39183126602224094
RF,12,2,0.009467926794496187,0.5000000000000001
Linear,12,2,0.01790513382118798,0.5
Morris,13,2,0.0005469732433394236,0.5
Sobol,13,2,0.02520617787826383,0.3441227760052763
Fast,13,2,0.13785902863837154,0.293475860042133
RDB-Fast,13,2,0.10643987424938457,0.49869447341914813
Delta,13,2,0.017017561993887844,0.35221925062055515
DGSM,13,2,1.6225028763605247e-06,0.5000000000000001
R2,13,2,7.31729859622007e-08,0.49999999999999994
Pearson,13,2,0.00628644670321977,0.4142408808237506
RF,13,2,0.005025123030138762,0.5
Linear,13,2,0.005005161161777769,0.5
Morris,14,2,0.001053560459151445,0.5
Sobol,14,2,0.01070684914829756,0.3765805658672857
Fast,14,2,0.12706473473760252,0.2937711822181834
RDB-Fast,14,2,0.10332615580744493,0.49540409566860855
Delta,14,2,0.03782032759902047,0.31950389404649526
DGSM,14,2,2.6898282624487472e-08,0.5
R2,14,2,2.1556072624091565,0.5
Pearson,14,2,0.009346489703306258,0.3798288847237016
RF,14,2,0.008907607585608017,0.49999999999999983
Linear,14,2,0.014729399544810442,0.5
Morris,15,2,0.0028038143863937694,0.5
Sobol,15,2,0.008157180390017315,0.4062715051303384
Fast,15,2,0.09282266587024486,0.2727311282900975
RDB-Fast,15,2,0.1006545235068112,0.4916797769421911
Delta,15,2,0.0201319960359702,0.3111699203632871
DGSM,15,2,0.00011073215551628889,0.49999999999999983
R2,15,2,2.021883542938588e-09,0.5
Pearson,15,2,0.004631199603027365,0.45655621960330023
RF,15,2,0.012018894387404293,0.5
Linear,15,2,0.004148202352842545,0.49999999999999994
Morris,16,2,0.001183961584992897,0.5
Sobol,16,2,0.034522392869705654,0.4223477294945968
Fast,16,2,0.044335515215587214,0.17213160095802582
RDB-Fast,16,2,0.1468818918870233,0.3318126448962918
Delta,16,2,0.015157348282530405,0.18589342890117633
DGSM,16,2,0.00042524711090713,0.4999999999999998
R2,16,2,3.7492332133240463e-07,0.5
Pearson,16,2,0.014037766377312095,0.25094662319692085
RF,16,2,0.028898291343854653,0.5
Linear,16,2,0.03234724807220034,0.5
Morris,17,2,0.001626638535320285,0.5
Sobol,17,2,0.031902537137744214,0.34208294967182623
Fast,17,2,0.13641982126023525,0.2618839293835431
RDB-Fast,17,2,0.11021489549368466,0.4745653307229711
Delta,17,2,0.012458197201285777,0.33346355283026163
DGSM,17,2,4.4328381900025555e-06,0.5000000000000001
R2,17,2,2.579705587332407e-06,0.5
Pearson,17,2,0.006489195951580563,0.4379891924703085
RF,17,2,0.003448296359074847,0.5000000000000001
Linear,17,2,0.00443867278378119,0.5
Morris,18,2,0.0011794687819372163,0.5000000000000001
Sobol,18,2,0.03182820567660051,0.40526123255328333
Fast,18,2,0.13250535229923646,0.2636814101075912
RDB-Fast,18,2,0.11081119105818898,0.4813469635873622
Delta,18,2,0.011587974582639748,0.33871908623636326
DGSM,18,2,1.7623614322132278e-05,0.5
R2,18,2,2.3923791063936554e-08,0.5
Pearson,18,2,0.006965786850834004,0.44527613567592556
RF,18,2,0.002425883944770304,0.5
Linear,18,2,0.003844395750802101,0.5
Morris,19,2,0.0031326629149287535,0.5
Sobol,19,2,0.05107662245590738,0.15202490668453136
Fast,19,2,0.028263778959407924,0.21429860364041523
RDB-Fast,19,2,0.13901547444451942,0.34421332148563005
Delta,19,2,0.009926427628050299,0.1707200156818958
DGSM,19,2,0.017967804709946144,0.5000000000000001
R2,19,2,0.005016041804883691,0.5
Pearson,19,2,0.014082764670849155,0.22464553634603715
RF,19,2,0.02266108863640136,0.49999999999999994
Linear,19,2,0.024509557881402837,0.5
Morris,20,2,0.0007924659525691988,0.5
Sobol,20,2,0.0034636068773686644,0.4737688146296815
Fast,20,2,0.19151863995677484,0.3134888660019055
RDB-Fast,20,2,0.09606662582283562,0.5477667194382333
Delta,20,2,0.02112149519158156,0.4086533459655429
DGSM,20,2,1.0024357053496094e-06,0.5000000000000001
R2,20,2,7.405898777739063e-11,0.5
Pearson,20,2,0.005308770554721159,0.4935750056055399
RF,20,2,0.0043273052884982375,0.5
Linear,20,2,0.004391912801579465,0.49999999999999983
Morris,21,2,0.0010847888387892194,0.5
Sobol,21,2,0.03976530868290515,0.13225464717657787
Fast,21,2,0.03861676802009894,0.1615949183959589
RDB-Fast,21,2,0.16657834587835596,0.27674934481266217
Delta,21,2,0.010132206513339785,0.10505068295402488
DGSM,21,2,0.0008734242074819317,0.49999999999999994
R2,21,2,3.248769175104384e-06,0.5
Pearson,21,2,0.03606968343011614,0.12364590041186187
RF,21,2,0.016984461061901338,0.5
Linear,21,2,0.13426574364653165,0.5
Morris,22,2,0.0020491873459046505,0.5
Sobol,22,2,0.06540792629174785,0.03199489122341013
Fast,22,2,0.02799268768459978,0.14844992961667583
RDB-Fast,22,2,0.1623520552463974,0.2844918164735174
Delta,22,2,0.009075064793037123,0.13055872972270113
DGSM,22,2,0.0018710082872573474,0.5000000000000001
R2,22,2,8.782121398075937e-10,0.5
Pearson,22,2,0.01899191423144271,0.24013246624701204
RF,22,2,0.010066687209880942,0.49999999999999994
Linear,22,2,0.06909790194262146,0.49999999999999994
Morris,23,2,0.0016001583729990797,0.5
Sobol,23,2,0.07577106051764218,0.08457834604247462
Fast,23,2,0.04373054342699664,0.09320255353947647
RDB-Fast,23,2,0.214077310944608,0.20134018442730303
Delta,23,2,0.008244025798700894,0.04033565048966185
DGSM,23,2,0.008884654720668416,0.5
R2,23,2,1.5944904329817125e-05,0.5
Pearson,23,2,0.026728366983892214,0.08684690074583314
RF,23,2,0.004262731584455219,0.5
Linear,23,2,0.0790424814138736,0.5000000000000001
Morris,24,2,0.0005152476589906884,0.5
Sobol,24,2,0.010345754357118386,0.31575665679409115
Fast,24,2,0.04447439104191288,0.24816474068654748
RDB-Fast,24,2,0.09835627818638931,0.4376249348410103
Delta,24,2,0.015346612171359828,0.26821543854141594
DGSM,24,2,0.0006328965731184067,0.5
R2,24,2,1.4973323056124953e-07,0.5
Pearson,24,2,0.012723229390974948,0.43101753759981926
RF,24,2,0.0084646450828891,0.5
Linear,24,2,0.006113007000369846,0.5
Morris,1,5,0.000336948023123116,0.2
Sobol,1,5,0.007261120820742587,0.1906960780560987
Fast,1,5,0.06330314650876738,0.19361703215167198
RDB-Fast,1,5,0.1389819395657683,0.3480619392411974
Delta,1,5,0.010476107576143178,0.20128644109247562
DGSM,1,5,4.7130878327884644e-05,0.2
R2,1,5,8.131762733996157e-08,0.2
Pearson,1,5,0.017536409637418503,0.31379862344150433
RF,1,5,0.005911173866313087,0.2
Linear,1,5,0.0034307373204567567,0.2
Morris,2,5,1.7661357867159584e-05,0.20000000000000004
Sobol,2,5,0.002461053618806354,0.20993489054556402
Fast,2,5,0.16671788399633045,0.1870568989152079
RDB-Fast,2,5,0.16790084546274558,0.35618349622853507
Delta,2,5,0.014279708650987114,0.20398814283281358
DGSM,2,5,2.65382216272447e-09,0.1999999999999999
R2,2,5,1.8322932169448214e-16,0.2
Pearson,2,5,0.02011808193360917,0.23940979004930243
RF,2,5,0.007045635239110517,0.2
Linear,2,5,0.01646240827683043,0.2
Morris,3,5,0.0004588063770092752,0.2
Sobol,3,5,0.030859349809729108,0.23346331566625692
Fast,3,5,0.09829054694245548,0.18292662423644648
RDB-Fast,3,5,0.1513308533496635,0.35575516260942486
Delta,3,5,0.00912060140513984,0.19249035992311683
DGSM,3,5,0.0004739072004996524,0.2
R2,3,5,1.358914615681641e-06,0.2
Pearson,3,5,0.01464770386626778,0.27258967078256424
RF,3,5,0.005145808818280607,0.2
Linear,3,5,0.005588827990033409,0.19999999999999998
Morris,4,5,0.0013805981021525547,0.2
Sobol,4,5,0.01618869340848056,0.19994695949601696
Fast,4,5,0.09918579589826615,0.17651621335075715
RDB-Fast,4,5,0.16059639844986362,0.33886059842199273
Delta,4,5,0.048681696099746354,0.14682946606256972
DGSM,4,5,2.0873278252243104e-05,0.19999999999999998
R2,4,5,1.4114979922232246e-07,0.2
Pearson,4,5,0.017159872709217625,0.20265390769889527
RF,4,5,0.011634357510310623,0.2
Linear,4,5,0.014280896208823146,0.2
Morris,5,5,1.8126279460561914e-28,0.2
Sobol,5,5,0.004196908530881133,0.19817281555712538
Fast,5,5,0.09961405290046892,0.18490708525913815
RDB-Fast,5,5,0.14883212981778066,0.3474999261761752
Delta,5,5,0.008836621621092451,0.2147669445810663
DGSM,5,5,6.929814846218822e-28,0.2
R2,5,5,3.4379487706048323e-07,0.2
Pearson,5,5,0.012045140936910398,0.3724738144399001
RF,5,5,0.004716013670654551,0.20000000000000004
Linear,5,5,1.085125745601128e-31,0.2
Morris,6,5,0.0005439413030260543,0.2
Sobol,6,5,0.01212293641549169,0.12493694431756648
Fast,6,5,0.06626817410496605,0.16787600198427952
RDB-Fast,6,5,0.15598700167466836,0.30929914791550717
Delta,6,5,0.010380350866286558,0.16835409559411194
DGSM,6,5,0.0007750936597783975,0.2
R2,6,5,3.51522214632975e-13,0.2
Pearson,6,5,0.01736971229395079,0.32548491037900334
RF,6,5,0.006486166119761672,0.2
Linear,6,5,0.004496444657622351,0.2
Morris,7,5,0.0003768572592645806,0.2
Sobol,7,5,0.007916836206655987,0.03864477203509063
Fast,7,5,0.05299060239053829,0.12185462222406925
RDB-Fast,7,5,0.1938146791816122,0.21895098623167186
Delta,7,5,0.005610704801252773,0.06316175404259386
DGSM,7,5,0.07168942817840701,0.2
R2,7,5,3.228072385354181e-08,0.2
Pearson,7,5,0.01909746601477997,0.1024984442290215
RF,7,5,0.0069050791379735325,0.2
Linear,7,5,0.01804330181600507,0.2
Morris,8,5,0.0004605287441893444,0.2
Sobol,8,5,0.005984265227258744,0.200500342470722
Fast,8,5,0.050789487937862046,0.2051942625701705
RDB-Fast,8,5,0.1416948707290064,0.34712256847516226
Delta,8,5,0.010465666422506481,0.16467677779951853
DGSM,8,5,0.00032020937688098395,0.2
R2,8,5,3.925862364675504e-12,0.2
Pearson,8,5,0.01598633048449775,0.27294821566297384
RF,8,5,0.006605534588294642,0.2
Linear,8,5,0.006216995899685402,0.2
Morris,9,5,0.0006108604990516583,0.2
Sobol,9,5,0.013270144202643039,0.09474246423033669
Fast,9,5,0.056546946973538695,0.16648010474681924
RDB-Fast,9,5,0.1710653852862598,0.2750929619467345
Delta,9,5,0.004501678702597976,0.10545047387863798
DGSM,9,5,0.0013311027402517891,0.20000000000000004
R2,9,5,5.692680760900114e-12,0.19999999999999998
Pearson,9,5,0.02224308607642808,0.13808877089831487
RF,9,5,0.006967941723596714,0.2
Linear,9,5,0.021360919120330668,0.2
Morris,10,5,0.0003079144191503803,0.2
Sobol,10,5,0.017201662239135156,0.1566923590561875
Fast,10,5,0.04929944928030508,0.16504352374292905
RDB-Fast,10,5,0.16290708496296552,0.29906903129527684
Delta,10,5,0.0067712670598773774,0.14960317406685172
DGSM,10,5,1.1210687787811759e-07,0.2
R2,10,5,1.6187772709852674e-16,0.2
Pearson,10,5,0.013059489816330865,0.32512434670247053
RF,10,5,0.0071990288807492675,0.2
Linear,10,5,0.0022029149929863436,0.2
Morris,11,5,0.00031295727360965316,0.2
Sobol,11,5,0.024294186312324828,0.14532400865702558
Fast,11,5,0.09116050121616355,0.1896992833621609
RDB-Fast,11,5,0.1643491022891377,0.30712602398525235
Delta,11,5,0.009251346754416358,0.16397242623493266
DGSM,11,5,7.651884471645917e-08,0.19999999999999998
R2,11,5,1.8630382023642345e-16,0.2
Pearson,11,5,0.011672309106614815,0.3048196394792384
RF,11,5,0.005656815396672984,0.2
Linear,11,5,0.0039613276159505655,0.2
Morris,12,5,0.0065206529787423155,0.2
Sobol,12,5,0.01266076471290895,0.037979876816337965
Fast,12,5,0.04117349734293359,0.12926094122636897
RDB-Fast,12,5,0.19400785742863216,0.22533330868250995
Delta,12,5,0.00707468533938161,0.07642583040476748
DGSM,12,5,2.938881559417185e-07,0.2
R2,12,5,2.5586385632858502e-19,0.2
Pearson,12,5,0.01942805463871634,0.2141554687749408
RF,12,5,0.021313178266197583,0.2
Linear,12,5,0.005113674645466177,0.2
Morris,13,5,0.0003019777483472587,0.2
Sobol,13,5,0.015630458674843604,0.18312253691242736
Fast,13,5,0.0796893811237285,0.18890024415590959
RDB-Fast,13,5,0.15296819910343307,0.33677473478026293
Delta,13,5,0.009071428892010843,0.1921258997939738
DGSM,13,5,0.00010534002621859138,0.2
R2,13,5,1.698589386583427e-09,0.2
Pearson,13,5,0.013578752380637231,0.3331954006668256
RF,13,5,0.004331995324579908,0.2
Linear,13,5,0.0026479271297489056,0.2
Morris,14,5,0.0006963334088689997,0.2
Sobol,14,5,0.02105658587957669,0.1604958710380217
Fast,14,5,0.05494466541287607,0.1761972107040743
RDB-Fast,14,5,0.15996802935249735,0.30235083028627224
Delta,14,5,0.007602069206199607,0.15982074234707888
DGSM,14,5,3.188819717816701e-05,0.2
R2,14,5,5.397510534477431e-06,0.2
Pearson,14,5,0.011412211422016896,0.36449176377786097
RF,14,5,0.007108197783448139,0.2
Linear,14,5,0.002011178189263343,0.2
Morris,15,5,0.0007569338241833423,0.2
Sobol,15,5,0.005879999236745207,0.15144047342717648
Fast,15,5,0.07415367732752014,0.1534469965218528
RDB-Fast,15,5,0.1678662863019777,0.30994822744609557
Delta,15,5,0.008630118676199604,0.1565648387215055
DGSM,15,5,9.73525754126538e-05,0.2
R2,15,5,1.8402854609800975e-09,0.19999999999999998
Pearson,15,5,0.017795797328010912,0.2649429680425829
RF,15,5,0.005415550344145245,0.2
Linear,15,5,0.007010599110022562,0.2
Morris,16,5,0.0003301376359774681,0.2
Sobol,16,5,0.04179813265129221,0.03421447179264065
Fast,16,5,0.04828065148783864,0.1042218013975433
RDB-Fast,16,5,0.2134708055981874,0.18257695252325412
Delta,16,5,0.010345988065131024,0.04233822122400777
DGSM,16,5,0.013209486754431048,0.20000000000000007
R2,16,5,1.0221403006926311e-07,0.2
Pearson,16,5,0.030409464773807442,0.09568161394962163
RF,16,5,0.004682782524168555,0.2
Linear,16,5,0.01705461265358762,0.2
Morris,17,5,0.0013424818493337925,0.2
Sobol,17,5,0.0037943777377865036,0.15481733833197245
Fast,17,5,0.09101649261235617,0.1647008063713447
RDB-Fast,17,5,0.16612582157566672,0.30466857423819266
Delta,17,5,0.008942733241990962,0.15831641774071728
DGSM,17,5,0.00015690406240902099,0.2
R2,17,5,3.3656322935902856e-05,0.2
Pearson,17,5,0.013955765880170674,0.2536186199205386
RF,17,5,0.005567979359869866,0.19999999999999998
Linear,17,5,0.007416765431705576,0.2
Morris,18,5,0.0010810017753590708,0.2
Sobol,18,5,0.019995841963886322,0.0998171165767249
Fast,18,5,0.08682145172754921,0.16232309209751725
RDB-Fast,18,5,0.1690130854459323,0.29191252510812954
Delta,18,5,0.00879345658281372,0.1504608746388196
DGSM,18,5,0.0008031340657217936,0.2
R2,18,5,7.384012030852753e-07,0.2
Pearson,18,5,0.014197147291958697,0.24810940134139922
RF,18,5,0.005318522575614697,0.2
Linear,18,5,0.008680012932854017,0.19999999999999998
Morris,19,5,0.0005164381449999843,0.2
Sobol,19,5,0.0676394106391992,0.12018552043902132
Fast,19,5,0.05039922214767187,0.15290585659329936
RDB-Fast,19,5,0.16982236978601334,0.27396524691847757
Delta,19,5,0.00749241350146683,0.11543384665346743
DGSM,19,5,0.05399703090902426,0.19999999999999998
R2,19,5,4.8373469212003465e-05,0.2
Pearson,19,5,0.024467981869238844,0.14995861872787922
RF,19,5,0.007371240232351801,0.2
Linear,19,5,0.01697619808496295,0.2
Morris,20,5,0.0004141370551726511,0.2
Sobol,20,5,0.04427183639274574,0.20497095796530335
Fast,20,5,0.08526855849738225,0.17921210270904453
RDB-Fast,20,5,0.1512125607224962,0.3398234966671307
Delta,20,5,0.008858550720381015,0.18651400563801832
DGSM,20,5,7.116284673318923e-05,0.2
R2,20,5,6.006511854378154e-12,0.2
Pearson,20,5,0.013379486140581506,0.3072815680848904
RF,20,5,0.006104462357081019,0.20000000000000004
Linear,20,5,0.003888147945282876,0.19999999999999998
Morris,21,5,0.000820036001151924,0.2
Sobol,21,5,0.0341468810200127,0.10937446119252364
Fast,21,5,0.0440191790052432,0.118846704544679
RDB-Fast,21,5,0.19744481638187467,0.21197538921803846
Delta,21,5,0.006364964566566113,0.05412198227673397
DGSM,21,5,0.0020538806120191026,0.2
R2,21,5,9.146973954869608e-08,0.2
Pearson,21,5,0.016415370547590697,0.1303933387576426
RF,21,5,0.004020484975472463,0.2
Linear,21,5,0.011156283098145092,0.2
Morris,22,5,0.0009536885718870049,0.2
Sobol,22,5,0.052488105080866855,-0.06903098434538296
Fast,22,5,0.04596616694501427,0.11794938767812586
RDB-Fast,22,5,0.20148473321415405,0.2135605865457768
Delta,22,5,0.006594481709863615,0.05926447292922887
DGSM,22,5,0.0027128567126913834,0.2
R2,22,5,2.591381011891953e-10,0.2
Pearson,22,5,0.01805454539010003,0.14507718693611127
RF,22,5,0.007966549318607602,0.2
Linear,22,5,0.016646261672517107,0.2
Morris,23,5,0.0003504535009689036,0.2
Sobol,23,5,0.07872217994776443,-0.012339412431478987
Fast,23,5,0.04864848385871555,0.09973592126788079
RDB-Fast,23,5,0.2111796889912148,0.18991892797789295
Delta,23,5,0.007099708323800096,0.035883730038416266
DGSM,23,5,0.002595403397959845,0.19999999999999998
R2,23,5,4.8679016209845385e-06,0.2
Pearson,23,5,0.025830394866060646,0.0921758789870397
RF,23,5,0.003598817266226489,0.2
Linear,23,5,0.01817369288530535,0.2
Morris,24,5,0.00039539819326738033,0.2
Sobol,24,5,0.008877740561596226,0.1658278926935656
Fast,24,5,0.04776376317159939,0.1736016466933057
RDB-Fast,24,5,0.16063925715180308,0.3048834518518943
Delta,24,5,0.009231914967562623,0.1417362178805229
DGSM,24,5,0.00031376373954071523,0.20000000000000004
R2,24,5,2.5809154568071698e-08,0.2
Pearson,24,5,0.016088970215680967,0.23797394445912265
RF,24,5,0.006397401531177363,0.2
Linear,24,5,0.005755866553822017,0.2
Morris,1,10,8.274758436275389e-05,0.1
Sobol,1,10,0.006245891951258919,0.08364191388241388
Fast,1,10,0.053802629472267646,0.12887933419982814
RDB-Fast,1,10,0.17573693807094268,0.26731195471249336
Delta,1,10,0.007978757104636094,0.11961475204200693
DGSM,1,10,8.189170239683547e-06,0.09999999999999999
R2,1,10,1.029649990297191e-08,0.1
Pearson,1,10,0.014870712856050853,0.22420451588734316
RF,1,10,0.0033183895755459184,0.1
Linear,1,10,0.002204612569395555,0.1
Morris,2,10,9.716310756398606e-05,0.1
Sobol,2,10,0.0009116056409875319,0.1010906962463598
Fast,2,10,0.10533269442250515,0.12470508872933547
RDB-Fast,2,10,0.19143927021512877,0.2649115895965204
Delta,2,10,0.00942197011269997,0.12269940129931324
DGSM,2,10,1.3048708516928677e-07,0.09999999999999999
R2,2,10,2.0115026173627325e-17,0.1
Pearson,2,10,0.02035496545626424,0.1718109353535645
RF,2,10,0.004337643590157972,0.10000000000000002
Linear,2,10,0.009163933182635812,0.1
Morris,3,10,0.00019558809305499084,0.1
Sobol,3,10,0.007636028901055288,0.096594884018263
Fast,3,10,0.03386768275451808,0.10870829483523521
RDB-Fast,3,10,0.17714757950476395,0.26200488559005664
Delta,3,10,0.016204779396821415,0.10758437961034863
DGSM,3,10,0.001532666452059081,0.10000000000000003
R2,3,10,3.6855970054147734e-07,0.1
Pearson,3,10,0.016035120285781523,0.19544552941850982
RF,3,10,0.006222543042069182,0.10000000000000002
Linear,3,10,0.0024370025138222254,0.1
Morris,4,10,0.0002398904670539766,0.1
Sobol,4,10,0.001250392800508062,0.1004770077484479
Fast,4,10,0.07036946153862927,0.13039403872868927
RDB-Fast,4,10,0.18407877411539744,0.26790451832582374
Delta,4,10,0.02049582348057897,0.09747348603999029
DGSM,4,10,0.002815883611893831,0.1
R2,4,10,5.643400245351768e-09,0.1
Pearson,4,10,0.019458607165283633,0.16128373671145488
RF,4,10,0.00795999049275214,0.1
Linear,4,10,0.007171534256782753,0.1
Morris,5,10,1.7805688881555667e-28,0.10000000000000002
Sobol,5,10,0.004499718522269413,0.09562769537167459
Fast,5,10,0.07600625520307874,0.1444981392302134
RDB-Fast,5,10,0.17456606610391384,0.2681890058334942
Delta,5,10,0.00930723291410272,0.12501353772645332
DGSM,5,10,2.0969363573959947e-27,0.1
R2,5,10,1.2073059821866395e-08,0.1
Pearson,5,10,0.013829597653043368,0.2772450895879018
RF,5,10,0.003445795614512732,0.1
Linear,5,10,0.00023050331455608185,0.1
Morris,6,10,7.18119303881265e-05,0.1
Sobol,6,10,0.004920282409467697,0.09049366576611285
Fast,6,10,0.0636788484503648,0.14846105944610652
RDB-Fast,6,10,0.1794327618864537,0.26043326374136744
Delta,6,10,0.009939632267697982,0.11531030565172902
DGSM,6,10,9.00834818837531e-05,0.1
R2,6,10,6.252750058603105e-15,0.1
Pearson,6,10,0.016838263892126414,0.2610837536715387
RF,6,10,0.003462439625975492,0.1
Linear,6,10,0.0013221251884816003,0.1
Morris,7,10,0.00010955756309928357,0.1
Sobol,7,10,0.005412006758738207,0.07945858373254189
Fast,7,10,0.07549523992239723,0.14343096077787887
RDB-Fast,7,10,0.18463821668325275,0.24572283673775025
Delta,7,10,0.008710837705903673,0.10390263893989499
DGSM,7,10,0.020491154520257772,0.1
R2,7,10,8.931601496390697e-10,0.1
Pearson,7,10,0.015494049419738812,0.23781572008053492
RF,7,10,0.0037571257104474726,0.1
Linear,7,10,0.0015201929240407207,0.1
Morris,8,10,0.00015003196784988453,0.1
Sobol,8,10,0.0070439983458496416,0.08441742184530454
Fast,8,10,0.07595116599573502,0.1381572722575958
RDB-Fast,8,10,0.1791835196303093,0.2684460605542347
Delta,8,10,0.009475979796011365,0.10781778254139567
DGSM,8,10,0.0002343139901516596,0.1
R2,8,10,3.346591777200313e-14,0.1
Pearson,8,10,0.014498051121967436,0.2033140492793323
RF,8,10,0.004287381005956986,0.1
Linear,8,10,0.002480034135553159,0.1
Morris,9,10,0.0002214418410891721,0.1
Sobol,9,10,0.025619281311066715,0.07069396951377023
Fast,9,10,0.03196028590337284,0.10298386506658637
RDB-Fast,9,10,0.18792195400132125,0.2271922531317641
Delta,9,10,0.007511660453554665,0.0782372770817937
DGSM,9,10,0.0002686198662474668,0.1
R2,9,10,1.38080255896987e-13,0.1
Pearson,9,10,0.02128823326079634,0.12012574247573424
RF,9,10,0.002983217782479697,0.1
Linear,9,10,0.004328503740387538,0.1
Morris,10,10,0.00011480333066421022,0.1
Sobol,10,10,0.014411992355492736,0.09087343233694015
Fast,10,10,0.07917480894353905,0.1577440319036591
RDB-Fast,10,10,0.181752634910471,0.24821721306244562
Delta,10,10,0.007813217743056489,0.10573341167287964
DGSM,10,10,3.6992001755696237e-06,0.1
R2,10,10,8.71434464160206e-18,0.1
Pearson,10,10,0.014066306597124531,0.2509983487162564
RF,10,10,0.004195904836200094,0.1
Linear,10,10,0.001490550432019137,0.1
Morris,11,10,0.00011498328735005153,0.1
Sobol,11,10,0.007960731976096869,0.021286700851963943
Fast,11,10,0.05789801216884999,0.10304021973064181
RDB-Fast,11,10,0.20354936811100918,0.2045109232765297
Delta,11,10,0.006503737241897998,0.05146425633240741
DGSM,11,10,5.7947556972217225e-08,0.1
R2,11,10,1.6340426071125718e-16,0.1
Pearson,11,10,0.018033754661470443,0.11726639042836795
RF,11,10,0.005874849502146519,0.1
Linear,11,10,0.004671451828834776,0.1
Morris,12,10,0.0015949685862630633,0.1
Sobol,12,10,0.01949424020693683,0.045585951159291836
Fast,12,10,0.05057014073085484,0.11592685995945803
RDB-Fast,12,10,0.20059214135500936,0.20940448393052033
Delta,12,10,0.008654178509222048,0.06276016062308404
DGSM,12,10,0.0017419001944444042,0.09999999999999999
R2,12,10,3.1950106732912906e-20,0.1
Pearson,12,10,0.02444971026038997,0.1654291727513477
RF,12,10,0.006252936866664774,0.1
Linear,12,10,0.004033881066173075,0.1
Morris,13,10,8.924643695613687e-05,0.1
Sobol,13,10,0.011330077545519823,0.10563062900106773
Fast,13,10,0.06533723267238861,0.13924670442712217
RDB-Fast,13,10,0.1779437147067326,0.2622375766724674
Delta,13,10,0.0091159330438183,0.11576763699501293
DGSM,13,10,5.474908127008392e-05,0.1
R2,13,10,7.843418313541184e-11,0.1
Pearson,13,10,0.017060318189867314,0.2593934130813763
RF,13,10,0.003598956443800871,0.1
Linear,13,10,0.0014090318186528279,0.1
Morris,14,10,0.0001662326040752585,0.1
Sobol,14,10,0.00927143612742427,0.05657665433677918
Fast,14,10,0.06227784430072715,0.13520434151735095
RDB-Fast,14,10,0.182486358156613,0.2426655086072698
Delta,14,10,0.009036599401416255,0.09910922472789989
DGSM,14,10,0.00011281353980845316,0.10000000000000002
R2,14,10,4.669851611199663e-07,0.1
Pearson,14,10,0.0164651159575609,0.23332894211432714
RF,14,10,0.003953784205613967,0.1
Linear,14,10,0.0016410169543236216,0.1
Morris,15,10,0.0003686678330585472,0.09999999999999999
Sobol,15,10,0.00940110892616399,0.06147163004777541
Fast,15,10,0.05619970376622087,0.13588569078371027
RDB-Fast,15,10,0.18598100446065258,0.24403858119985294
Delta,15,10,0.007566438543096931,0.09380065040981637
DGSM,15,10,0.0013101835023487528,0.1
R2,15,10,1.9416706903637785e-10,0.1
Pearson,15,10,0.016967881121681003,0.21352898467253417
RF,15,10,0.0033935599561053377,0.1
Linear,15,10,0.002064008446750541,0.1
Morris,16,10,0.00013051973369107345,0.1
Sobol,16,10,0.012819131782778274,0.021201245739430587
Fast,16,10,0.04702247454759051,0.10155791191159803
RDB-Fast,16,10,0.21204226983839083,0.18343202506504855
Delta,16,10,0.008459988182368872,0.03876988011685176
DGSM,16,10,0.0006283571207997109,0.1
R2,16,10,1.4726356987062859e-08,0.1
Pearson,16,10,0.026226082406153723,0.08905786360376085
RF,16,10,0.0022687761962730713,0.1
Linear,16,10,0.0059002508579182105,0.1
Morris,17,10,0.00030272678677123287,0.1
Sobol,17,10,0.008466212641663223,0.05878755995624437
Fast,17,10,0.06820879222233632,0.1352024748335148
RDB-Fast,17,10,0.19188464340509145,0.22733024033322533
Delta,17,10,0.007838938757664643,0.08300866680844556
DGSM,17,10,0.0011360751011656252,0.10000000000000002
R2,17,10,7.094747798317717e-07,0.1
Pearson,17,10,0.019241345424847303,0.20931791112906434
RF,17,10,0.003994109683136482,0.1
Linear,17,10,0.0023553651525676546,0.1
Morris,18,10,0.0003407045066907817,0.1
Sobol,18,10,0.0057180598226079194,0.03732964941311464
Fast,18,10,0.06782314013862357,0.1356293255873203
RDB-Fast,18,10,0.19054789908556763,0.22775671235422232
Delta,18,10,0.007727982381271178,0.08331073273381899
DGSM,18,10,0.0002010221548844625,0.1
R2,18,10,2.5484940836778307e-08,0.1
Pearson,18,10,0.019160967983162167,0.20897756401873765
RF,18,10,0.004084985543852187,0.1
Linear,18,10,0.002279596317498572,0.1
Morris,19,10,0.00015353543430197435,0.1
Sobol,19,10,0.009007986910476965,0.06381509654516943
Fast,19,10,0.058766467636613695,0.12081335115625924
RDB-Fast,19,10,0.1902145113182068,0.2377973263712523
Delta,19,10,0.006512583307109562,0.07374917995991578
DGSM,19,10,0.020737236691574828,0.1
R2,19,10,4.568001650093062e-06,0.1
Pearson,19,10,0.01956709098669166,0.11249356631702902
RF,19,10,0.0028766665167854785,0.1
Linear,19,10,0.006621566059389606,0.1
Morris,20,10,0.00016237230275550026,0.1
Sobol,20,10,0.004026732881991786,0.09399371769982523
Fast,20,10,0.04860340697294051,0.12248291468311143
RDB-Fast,20,10,0.17905366870796618,0.26351968946119453
Delta,20,10,0.007852671894989643,0.10928605352952528
DGSM,20,10,0.0001727801763681411,0.09999999999999999
R2,20,10,2.3923874638414336e-13,0.1
Pearson,20,10,0.015231727397824356,0.2235969269350007
RF,20,10,0.0042208511043199445,0.1
Linear,20,10,0.0019041073294989556,0.1
Morris,21,10,0.0002750120504243012,0.1
Sobol,21,10,0.016295392686231445,0.02321716775379435
Fast,21,10,0.049349337527099364,0.10522790250520661
RDB-Fast,21,10,0.20538330945925218,0.20063727769269105
Delta,21,10,0.007364152093389734,0.04981913556241228
DGSM,21,10,0.001704220011103197,0.1
R2,21,10,6.171811306346396e-09,0.1
Pearson,21,10,0.018242450065786356,0.10416559123487083
RF,21,10,0.0019166177690792413,0.1
Linear,21,10,0.007101937704313039,0.1
Morris,22,10,0.0007685645468898879,0.1
Sobol,22,10,0.007248012325540273,0.01241433604341211
Fast,22,10,0.03818112643072469,0.10056369855166572
RDB-Fast,22,10,0.20214723223477116,0.20785493161352814
Delta,22,10,0.00798715199465664,0.05597351836276962
DGSM,22,10,0.004072668927154048,0.1
R2,22,10,9.043124299681443e-11,0.1
Pearson,22,10,0.017879737923003455,0.1315607829019761
RF,22,10,0.003001011123268736,0.1
Linear,22,10,0.003947068954152599,0.1
Morris,23,10,0.00013233943022905392,0.1
Sobol,23,10,0.08601972832418647,0.07241358698687145
Fast,23,10,0.04558076977120872,0.09954371358557355
RDB-Fast,23,10,0.21042687725023682,0.18898543748622473
Delta,23,10,0.010509618334298351,0.04350499839952031
DGSM,23,10,0.0006278105374960711,0.1
R2,23,10,1.157566492988103e-06,0.1
Pearson,23,10,0.028211095662913542,0.09322730586906779
RF,23,10,0.0019226255681165318,0.1
Linear,23,10,0.005861121572475456,0.10000000000000002
Morris,24,10,0.00011817088196221962,0.1
Sobol,24,10,0.012844596668387952,0.11598550326911128
Fast,24,10,0.04632803848605597,0.12031696478139202
RDB-Fast,24,10,0.18285823498056755,0.2478647590405649
Delta,24,10,0.007275037650329442,0.09152854117795908
DGSM,24,10,0.0005197424364491721,0.1
R2,24,10,1.3582218265996464e-09,0.1
Pearson,24,10,0.013919107007062684,0.1598317425541957
RF,24,10,0.0019322575975936692,0.1
Linear,24,10,0.002199615117990315,0.1
Morris,1,20,1.7412654681802902e-05,0.05
Sobol,1,20,0.001913328742145041,0.04975782749211409
Fast,1,20,0.0650509803892282,0.1275395009354102
RDB-Fast,1,20,0.19174200664657445,0.22454862954791815
Delta,1,20,0.008777175996587491,0.07978166886037961
DGSM,1,20,3.816940535777004e-06,0.049999999999999996
R2,1,20,8.796321735988744e-10,0.05
Pearson,1,20,0.01831923521035685,0.19111889475224458
RF,1,20,0.001378844411701876,0.05
Linear,1,20,0.0006636836567054864,0.05
Morris,2,20,0.00012217493147941412,0.05
Sobol,2,20,0.0013469070893115252,0.04610821021588009
Fast,2,20,0.08347521284684743,0.11437554550984179
RDB-Fast,2,20,0.1971568936624737,0.22753643310624302
Delta,2,20,0.008536669782373886,0.07777161660226103
DGSM,2,20,1.553635645838859e-05,0.05000000000000001
R2,2,20,9.913392761411088e-19,0.05
Pearson,2,20,0.01988172733937446,0.14744845079044747
RF,2,20,0.0031253087319729977,0.05
Linear,2,20,0.0027206165739936264,0.05
Morris,3,20,6.909208921079334e-05,0.05
Sobol,3,20,0.002285143901817845,0.05502376660427458
Fast,3,20,0.053102097169356426,0.0982594215112445
RDB-Fast,3,20,0.1953954792890316,0.22953299825459575
Delta,3,20,0.00990698894751749,0.07563551055723565
DGSM,3,20,5.495282763823771e-05,0.05
R2,3,20,9.227927650689221e-11,0.05
Pearson,3,20,0.0209926362334817,0.1531590125723229
RF,3,20,0.0031432611597642366,0.05
Linear,3,20,0.00190157858829982,0.05
Morris,4,20,9.389728314197695e-05,0.05000000000000001
Sobol,4,20,0.003912953134564861,0.0548219144878272
Fast,4,20,0.0781632637105375,0.12066921153973494
RDB-Fast,4,20,0.19435117977386654,0.22992283633312685
Delta,4,20,0.009657878018319306,0.07595973349729822
DGSM,4,20,0.00024405425405124156,0.05000000000000001
R2,4,20,3.088211189519234e-11,0.05
Pearson,4,20,0.022566458200363387,0.14372035472294337
RF,4,20,0.0032220156194130854,0.05
Linear,4,20,0.00273200505169548,0.05
Morris,5,20,5.626310184043197e-29,0.05
Sobol,5,20,0.0012976705871099606,0.049115440731825784
Fast,5,20,0.08577331179517757,0.13116374243608053
RDB-Fast,5,20,0.1928465596765981,0.23288406988152105
Delta,5,20,0.010470540525104008,0.08541955671506478
DGSM,5,20,9.665408704246382e-28,0.049999999999999996
R2,5,20,5.286158605326496e-10,0.05
Pearson,5,20,0.01783915019103042,0.22054728600859436
RF,5,20,0.0018567453718188755,0.05
Linear,5,20,0.0002525240400591474,0.05
Morris,6,20,2.4586640737965186e-05,0.05
Sobol,6,20,0.005164444110067297,0.05091199395186774
Fast,6,20,0.06863960408452931,0.12340737316146473
RDB-Fast,6,20,0.19469822969592634,0.21748573137092023
Delta,6,20,0.009780891031420538,0.07881698892806285
DGSM,6,20,9.934013870878874e-05,0.05
R2,6,20,1.1491443320168053e-16,0.05
Pearson,6,20,0.017287360431660907,0.2029737446609217
RF,6,20,0.0017009506889907584,0.05
Linear,6,20,0.0004660534128661019,0.05
Morris,7,20,3.102627069913553e-05,0.05
Sobol,7,20,0.0014329007408446226,0.04159949679490234
Fast,7,20,0.07635772343561274,0.12057148390713765
RDB-Fast,7,20,0.19479065277469668,0.2185293247815808
Delta,7,20,0.009262388787605106,0.07790905841125652
DGSM,7,20,0.028507892235487328,0.05
R2,7,20,3.7213396367622344e-11,0.05
Pearson,7,20,0.019030626829704012,0.18509872486961457
RF,7,20,0.0019455190298908157,0.05
Linear,7,20,0.0007110966907900198,0.05
Morris,8,20,4.7419666933180064e-05,0.05
Sobol,8,20,0.0017176679713840405,0.053517888426696636
Fast,8,20,0.060590280094723094,0.11365568848933148
RDB-Fast,8,20,0.19337912184035297,0.2259633654519352
Delta,8,20,0.0102424549996227,0.07592776340751788
DGSM,8,20,6.27480868769704e-05,0.05
R2,8,20,1.4694852464548964e-15,0.05
Pearson,8,20,0.019279292454451386,0.16353155373920625
RF,8,20,0.002431575281166789,0.05
Linear,8,20,0.001008445844904094,0.05
Morris,9,20,3.7736339679799004e-05,0.05
Sobol,9,20,0.002471677354134968,0.0276151701342142
Fast,9,20,0.05560942600451466,0.10426619991073892
RDB-Fast,9,20,0.2000312537623132,0.21267930486111233
Delta,9,20,0.009031007386631732,0.05971301947646849
DGSM,9,20,7.329625021367245e-05,0.05
R2,9,20,4.118214818178111e-15,0.05
Pearson,9,20,0.02522974561238501,0.10758061737289076
RF,9,20,0.001138907173865015,0.05
Linear,9,20,0.0018258989986516022,0.05
Morris,10,20,3.272023517319632e-05,0.05
Sobol,10,20,0.002398801967549988,0.022711582969953095
Fast,10,20,0.07284245803511605,0.11056955615012966
RDB-Fast,10,20,0.20323453629777152,0.2056287874517509
Delta,10,20,0.0076539327239688,0.054977916619409456
DGSM,10,20,1.5429846402813496e-05,0.05
R2,10,20,2.272077146412943e-18,0.05
Pearson,10,20,0.016147671488792377,0.15557883122228483
RF,10,20,0.0018811104135000672,0.05
Linear,10,20,0.0008800180568254774,0.05
Morris,11,20,3.541369139970757e-05,0.05
Sobol,11,20,0.005483223973598758,0.0114866261527575
Fast,11,20,0.08106544833166293,0.11497066454890918
RDB-Fast,11,20,0.20490037523259994,0.194827496001694
Delta,11,20,0.008052182341317465,0.046001332801407675
DGSM,11,20,2.1679578737661155e-08,0.05000000000000001
R2,11,20,5.665319459143901e-17,0.05
Pearson,11,20,0.020151176259488823,0.11432516368726885
RF,11,20,0.002530473910765233,0.05
Linear,11,20,0.001726338568937797,0.05
Morris,12,20,0.000410906782938768,0.05
Sobol,12,20,0.0004925425544640618,0.010539857535360464
Fast,12,20,0.05681160767110889,0.10136482629365318
RDB-Fast,12,20,0.20282527510716108,0.19787141863360458
Delta,12,20,0.006975846893631184,0.050802494329576786
DGSM,12,20,0.00013339332275165842,0.05
R2,12,20,9.150307470338377e-23,0.05
Pearson,12,20,0.02076724374864667,0.1411991686887406
RF,12,20,0.002880965099358896,0.05
Linear,12,20,0.001039785072875682,0.05
Morris,13,20,2.9476911918842248e-05,0.05
Sobol,13,20,0.004364875336128927,0.039874646487751166
Fast,13,20,0.0539604717238998,0.11032296063889714
RDB-Fast,13,20,0.1979902405992877,0.21912347033823218
Delta,13,20,0.008737153027464617,0.0712308087632995
DGSM,13,20,6.356829333314705e-05,0.05
R2,13,20,6.081667609252771e-12,0.05
Pearson,13,20,0.01714427323571588,0.1728039757117405
RF,13,20,0.0011305267772375011,0.05
Linear,13,20,0.0007961047515409439,0.05
Morris,14,20,5.521698196706837e-05,0.05
Sobol,14,20,0.006417090545666606,0.0257682976672904
Fast,14,20,0.07722771345783763,0.11525001785574114
RDB-Fast,14,20,0.203433388988096,0.2079640898146452
Delta,14,20,0.008670883208860147,0.06045686364277885
DGSM,14,20,9.100822110913968e-05,0.05
R2,14,20,6.845144818713424e-08,0.05
Pearson,14,20,0.018830351499744158,0.16473266005331233
RF,14,20,0.0016762538231575898,0.05
Linear,14,20,0.0008285450930014263,0.05
Morris,15,20,0.00017141650178962515,0.05
Sobol,15,20,0.00252384743235121,0.03168575255727506
Fast,15,20,0.05934704636551489,0.10530344607036135
RDB-Fast,15,20,0.20115287810457796,0.20855083798819984
Delta,15,20,0.006753140506754342,0.0623391761290835
DGSM,15,20,0.0001384691009793662,0.05
R2,15,20,2.2127741348460858e-11,0.05
Pearson,15,20,0.016650335173556557,0.17533352996586454
RF,15,20,0.0015761984456393336,0.05
Linear,15,20,0.0007070330476539517,0.05
Morris,16,20,3.6748566478230455e-05,0.05
Sobol,16,20,0.07311451419565239,0.10685878314665978
Fast,16,20,0.04600927919006854,0.09824343190796651
RDB-Fast,16,20,0.21270330602529156,0.18568885298871907
Delta,16,20,0.007658943264431966,0.03751172545480449
DGSM,16,20,0.0004391920892213172,0.05
R2,16,20,3.1059609708296418e-09,0.049999999999999996
Pearson,16,20,0.023678227702911704,0.08601630136411267
RF,16,20,0.0008566248206674479,0.05
Linear,16,20,0.0015755837442620743,0.05
Morris,17,20,0.00012533121713822836,0.05
Sobol,17,20,0.012965319095169648,0.021394238897663297
Fast,17,20,0.06257002926698461,0.11323345371274707
RDB-Fast,17,20,0.20023195900465732,0.20672877298197628
Delta,17,20,0.007533885178744262,0.06143527152839625
DGSM,17,20,7.897507500583112e-05,0.05
R2,17,20,2.402869664335905e-07,0.05
Pearson,17,20,0.017043536084080005,0.17184666933176534
RF,17,20,0.0024896958985802906,0.05
Linear,17,20,0.0006398863372505823,0.05
Morris,18,20,0.00015301404788810443,0.05
Sobol,18,20,0.01246916806803115,0.009943541809678106
Fast,18,20,0.06243745669387419,0.11317362542187925
RDB-Fast,18,20,0.19998367252226984,0.20571742006821953
Delta,18,20,0.007579179125965055,0.061440754561142764
DGSM,18,20,7.219076210331779e-05,0.05
R2,18,20,8.998114410793123e-09,0.05
Pearson,18,20,0.016842263772798592,0.1726135737375017
RF,18,20,0.002441710177075743,0.05
Linear,18,20,0.0006372572389446135,0.05
Morris,19,20,4.1678170607713297e-05,0.05
Sobol,19,20,0.01454136192841617,0.03735400660349803
Fast,19,20,0.04446351827897267,0.09518544149134874
RDB-Fast,19,20,0.2013543487130671,0.21308954858691145
Delta,19,20,0.006828532980972639,0.057562243445163044
DGSM,19,20,0.00685351776141641,0.05000000000000001
R2,19,20,4.503023737789178e-06,0.05
Pearson,19,20,0.022641851647844612,0.10611079345906801
RF,19,20,0.0011957947174886208,0.05
Linear,19,20,0.0014146626256457697,0.05
Morris,20,20,3.6765214263710504e-05,0.049999999999999996
Sobol,20,20,0.0031508163529470343,0.04378348577854502
Fast,20,20,0.05797025519199697,0.11274555182621608
RDB-Fast,20,20,0.19606267291373128,0.22400871915972798
Delta,20,20,0.007917998740203457,0.07496307873337199
DGSM,20,20,2.046169786118141e-05,0.049999999999999996
R2,20,20,1.122730521108958e-14,0.05
Pearson,20,20,0.018323990737887774,0.17774071924271967
RF,20,20,0.001922169578156519,0.05000000000000001
Linear,20,20,0.0008460010807881038,0.05
Morris,21,20,0.00020456495744667616,0.05
Sobol,21,20,0.007164908027322597,0.003938576641453754
Fast,21,20,0.060064363015626177,0.10191127451142314
RDB-Fast,21,20,0.20612074454450738,0.19358950859912843
Delta,21,20,0.007283391989484528,0.04530697799565465
DGSM,21,20,0.0001486856166789527,0.05
R2,21,20,1.1434185946586877e-09,0.05
Pearson,21,20,0.02129608307114328,0.09741777981373248
RF,21,20,0.0013848351099819823,0.05
Linear,21,20,0.0016165401082175058,0.05
Morris,22,20,0.0002984804471195831,0.05
Sobol,22,20,0.013640675266466243,0.00765282550038227
Fast,22,20,0.05334009000466836,0.09825403325953673
RDB-Fast,22,20,0.20788144746140064,0.1975043850855626
Delta,22,20,0.007237506846773264,0.04590665214028266
DGSM,22,20,0.0005249914806941907,0.05
R2,22,20,2.0858737399286845e-11,0.05
Pearson,22,20,0.0178644607292626,0.10706716428250919
RF,22,20,0.0018277046872578727,0.05
Linear,22,20,0.0013139008310588734,0.05
Morris,23,20,3.572285760283255e-05,0.05
Sobol,23,20,0.05345939071287708,0.012673551724462852
Fast,23,20,0.04499149469232859,0.09869513461722677
RDB-Fast,23,20,0.21157664764896192,0.18765814109449677
Delta,23,20,0.008900694247807654,0.03904313493504085
DGSM,23,20,0.00015206198317589648,0.05
R2,23,20,2.6645702024939123e-07,0.05
Pearson,23,20,0.02493545206666817,0.08914216027277372
RF,23,20,0.0012680422316577271,0.05
Linear,23,20,0.0014681837494157325,0.049999999999999996
Morris,24,20,2.9622688660704937e-05,0.05
Sobol,24,20,0.0033679096020398838,0.03542469151703372
Fast,24,20,0.0547230039530575,0.10673190188534758
RDB-Fast,24,20,0.19784818741491744,0.21749172164646474
Delta,24,20,0.009164960195536824,0.06783145834038141
DGSM,24,20,0.0001104412419117255,0.05
R2,24,20,7.718875336567845e-11,0.05
Pearson,24,20,0.01973553169355357,0.1260067171519612
RF,24,20,0.0009259939672152097,0.05
Linear,24,20,0.0008778184031925661,0.05
