Morris,1,2,0.0012939578924741572,0.5000000000000001
Sobol,1,2,0.033012997133889006,0.4681666262233362
Fast,1,2,0.2452920253119399,0.2693107799888269
RDB-Fast,1,2,0.1413922121556402,0.69502038074259
Delta,1,2,0.0635720904877357,0.34020617561941474
DGSM,1,2,0.0007308654453387062,0.49999999999999983
R2,1,2,7.19588827816621e-07,0.5
Pearson,1,2,0.02707428118088246,0.3462988043247339
RF,1,2,0.007965932613511867,0.5000000000000001
Linear,1,2,0.04350400803442785,0.5
Morris,2,2,1.7263534141291796e-14,0.49999999999999994
Sobol,2,2,0.002466860702042286,0.5010687774058725
Fast,2,2,0.4848853076300794,0.288633722150938
RDB-Fast,2,2,0.2642567158103962,0.7109853777472604
Delta,2,2,0.18978788115619546,0.3049097248971734
DGSM,2,2,2.252966845704439e-28,0.5
R2,2,2,1.7521425268292454e-15,0.5
Pearson,2,2,0.03187365398236669,0.23903712115553877
RF,2,2,0.041406872996634043,0.5
Linear,2,2,0.1208658340227852,0.5
Morris,3,2,0.0006044963451268254,0.5
Sobol,3,2,0.006244186211317823,0.5264936323412298
Fast,3,2,0.5191065065937865,0.22735021536412603
RDB-Fast,3,2,0.2515830713799888,0.701507244613566
Delta,3,2,0.050187381589219794,0.422425929626166
DGSM,3,2,0.00023234736749422796,0.5
R2,3,2,2.3666068489463638e-07,0.5
Pearson,3,2,0.01140493268771931,0.49434395314344626
RF,3,2,0.011058852875204538,0.49999999999999994
Linear,3,2,0.007241817937615372,0.49999999999999994
Morris,4,2,0.0014689646757729755,0.5
Sobol,4,2,0.05649390576160882,0.6140242551232191
Fast,4,2,0.1479258141937863,0.23834782662498527
RDB-Fast,4,2,0.13745097094763073,0.6906468952813922
Delta,4,2,0.0932900090686678,0.3206541634842527
DGSM,4,2,0.025067565357057075,0.5
R2,4,2,2.3634336660149197e-06,0.49999999999999994
Pearson,4,2,0.020676812419059366,0.4899726210626758
RF,4,2,0.02911307504362214,0.5
Linear,4,2,0.015739749034069956,0.49999999999999994
Morris,5,2,6.329087279742553e-33,0.5
Sobol,5,2,0.010154662678507263,0.5295194123401131
Fast,5,2,0.604620206055045,0.20083257464304935
RDB-Fast,5,2,0.2549537900627951,0.6912891851940886
Delta,5,2,0.0272416529240627,0.4851764279170054
DGSM,5,2,2.302634611748924e-28,0.5
R2,5,2,1.4112242314740721e-05,0.49999999999999994
Pearson,5,2,0.019646612577748405,0.5997249966557717
RF,5,2,0.0058850325870297895,0.49999999999999994
Linear,5,2,2.0631524529248264e-32,0.5
Morris,6,2,0.0017333737015079267,0.49999999999999994
Sobol,6,2,0.0070570709699362385,0.4759388677921068
Fast,6,2,0.42159580422379583,0.20835580007232984
RDB-Fast,6,2,0.21932590760652557,0.6897282879677616
Delta,6,2,0.0225744626486694,0.4452569408353817
DGSM,6,2,4.745517043436376e-06,0.5
R2,6,2,6.664176959713104e-13,0.5
Pearson,6,2,0.012593021241358904,0.6161325601636366
RF,6,2,0.005485022223233218,0.5
Linear,6,2,0.0026857467688536454,0.5
Morris,7,2,0.0026704389969873935,0.49999999999999994
Sobol,7,2,0.20459894121101926,-0.038517648340742366
Fast,7,2,0.04099731601352012,0.1849212717160701
RDB-Fast,7,2,0.3758352821885406,0.4862366587008336
Delta,7,2,0.008528460715543591,0.11734419733394613
DGSM,7,2,0.22813265230486426,0.5
R2,7,2,1.5485200786656533e-07,0.49999999999999994
Pearson,7,2,0.024116910173312932,0.1744961931865433
RF,7,2,0.022077187518884184,0.5000000000000001
Linear,7,2,0.05902874968378735,0.5
Morris,8,2,0.00038482125686291433,0.5000000000000001
Sobol,8,2,0.005589254554463142,0.5021897827184331
Fast,8,2,0.38851811603437647,0.24751975377114208
RDB-Fast,8,2,0.2515865256479076,0.6884714130203283
Delta,8,2,0.16811362479050315,0.2789128625163488
DGSM,8,2,4.69222873793003e-06,0.5000000000000001
R2,8,2,1.3159884605430034e-09,0.5000000000000001
Pearson,8,2,0.01974944148492116,0.415819452801974
RF,8,2,0.014975106497890855,0.5000000000000001
Linear,8,2,0.022833983477689248,0.5
Morris,9,2,0.008067384428381418,0.5
Sobol,9,2,0.25184253362468173,0.0375573654837078
Fast,9,2,0.04851252521966907,0.2062805155869487
RDB-Fast,9,2,0.35155345104035246,0.4849631856817424
Delta,9,2,0.01283300055967676,0.14620942744214366
DGSM,9,2,0.00037117772505345867,0.49999999999999994
R2,9,2,1.1695876973910733e-08,0.5
Pearson,9,2,0.030157296827083336,0.2522067987761834
RF,9,2,0.054617580925612266,0.5000000000000001
Linear,9,2,0.040205680825479956,0.49999999999999994
Morris,10,2,0.0009625204486841879,0.5000000000000001
Sobol,10,2,0.030935370378780323,0.49472792669956234
Fast,10,2,0.416398579571484,0.22594048881036272
RDB-Fast,10,2,0.24693105446300234,0.6679052999638924
Delta,10,2,0.05719349352011157,0.3927470058198113
DGSM,10,2,5.433140775159387e-08,0.5
R2,10,2,1.4737863093561066e-15,0.5
Pearson,10,2,0.019341089454203382,0.5173170987358503
RF,10,2,0.006859684821605108,0.49999999999999994
Linear,10,2,0.00982781091379234,0.5000000000000001
Morris,11,2,0.0007995686563875184,0.5
Sobol,11,2,0.04169416558158494,0.5139455045104693
Fast,11,2,0.42304789195735604,0.20853706153118118
RDB-Fast,11,2,0.230229689011857,0.6710926450318925
Delta,11,2,0.03335610556528127,0.44695562133075256
DGSM,11,2,1.457203379609328e-07,0.49999999999999994
R2,11,2,3.738684727603773e-16,0.49999999999999994
Pearson,11,2,0.0170914690940214,0.6005966108056675
RF,11,2,0.005762781979200564,0.5
Linear,11,2,0.0024723069471327187,0.5
Morris,12,2,3.924173717522497e-06,0.49999999999999994
Sobol,12,2,0.05664160260510602,0.5949891993438128
Fast,12,2,0.43423523618827176,0.24493660579535317
RDB-Fast,12,2,0.2559228442257061,0.6843115337729706
Delta,12,2,0.16861204702423768,0.30185282452952755
DGSM,12,2,6.6212729186576055e-15,0.5
R2,12,2,1.4553204476467e-20,0.5
Pearson,12,2,0.026804102360809413,0.4209831710709179
RF,12,2,0.022236373495515473,0.5
Linear,12,2,0.04087393466023431,0.5
Morris,13,2,0.0012752990158098915,0.5
Sobol,13,2,0.06284520115379236,0.2790986680181957
Fast,13,2,0.28855810781402097,0.2311609700836946
RDB-Fast,13,2,0.2653650411203018,0.6198194929438345
Delta,13,2,0.03951888081340871,0.3193688616474566
DGSM,13,2,3.958443621456266e-06,0.5000000000000001
R2,13,2,1.7565944350647455e-07,0.5
Pearson,13,2,0.014305689614019923,0.4160461898637219
RF,13,2,0.011328083651047118,0.5
Linear,13,2,0.01128643562263142,0.5000000000000001
Morris,14,2,0.0024811377988332877,0.5
Sobol,14,2,0.02626731830972781,0.3643123034535492
Fast,14,2,0.2669355157183179,0.24556012977122627
RDB-Fast,14,2,0.25721405015940757,0.6207373716250858
Delta,14,2,0.08559284606123445,0.28412023620121846
DGSM,14,2,6.714653450673876e-08,0.5000000000000001
R2,14,2,5.26816313979227,0.49999999999999994
Pearson,14,2,0.02216596975580527,0.38839866144767193
RF,14,2,0.019455242860130707,0.5000000000000001
Linear,14,2,0.03546499938565299,0.5
Morris,15,2,0.006676559640298271,0.5
Sobol,15,2,0.019847406363995863,0.44036517798071423
Fast,15,2,0.19257326763188154,0.22224024624338956
RDB-Fast,15,2,0.24941812357198861,0.6357288743794842
Delta,15,2,0.04102280372406007,0.2882848086789097
DGSM,15,2,0.00022835916316469004,0.49999999999999994
R2,15,2,4.692443614389975e-09,0.5
Pearson,15,2,0.010656629967033227,0.4691606514337157
RF,15,2,0.0262291931494081,0.5
Linear,15,2,0.009783758672165086,0.5
Morris,16,2,0.002834020288098652,0.49999999999999994
Sobol,16,2,0.08405661930997725,0.48014670685607297
Fast,16,2,0.10096845318285896,0.21851567334964653
RDB-Fast,16,2,0.36451837281938915,0.49746967855035684
Delta,16,2,0.02577663777601418,0.1928693553215931
DGSM,16,2,0.0008494284593649254,0.5
R2,16,2,8.669326575380961e-07,0.5
Pearson,16,2,0.03366747208479574,0.2843755025950353
RF,16,2,0.035042174231007514,0.5
Linear,16,2,0.07749541317503829,0.5
Morris,17,2,0.0038494342537669494,0.5
Sobol,17,2,0.07660549373009481,0.3063199628621783
Fast,17,2,0.28274702757554826,0.209269636001598
RDB-Fast,17,2,0.2743049149946983,0.6041656403945909
Delta,17,2,0.02664649631532921,0.3231118151665848
DGSM,17,2,2.5916871123168695e-06,0.5000000000000001
R2,17,2,6.154580304319563e-06,0.5
Pearson,17,2,0.014700915881301402,0.46265595043498003
RF,17,2,0.0078013594293475375,0.5000000000000001
Linear,17,2,0.009240686233915985,0.5
Morris,18,2,0.002859735209278162,0.5
Sobol,18,2,0.07459775483203604,0.4121605484150041
Fast,18,2,0.27165006113303014,0.2124268530174043
RDB-Fast,18,2,0.2760111818513888,0.6133260287772331
Delta,18,2,0.024955095365573776,0.3295709373887012
DGSM,18,2,3.891870823933954e-05,0.5
R2,18,2,5.748224702722215e-08,0.5000000000000001
Pearson,18,2,0.01604751847168872,0.4726269391454316
RF,18,2,0.00492339711928092,0.5
Linear,18,2,0.008384437528346184,0.5
Morris,19,2,0.007487028997396375,0.49999999999999994
Sobol,19,2,0.1260287533338213,0.0811174404482702
Fast,19,2,0.06751395216108516,0.21708160398932314
RDB-Fast,19,2,0.3438687227767656,0.501525251706296
Delta,19,2,0.02107669910348836,0.1453602307725698
DGSM,19,2,0.013137143925289241,0.5000000000000001
R2,19,2,0.012474370394232444,0.5
Pearson,19,2,0.03203804445893833,0.23937561606477895
RF,19,2,0.05344398263259535,0.49999999999999994
Linear,19,2,0.055290306788720336,0.5000000000000001
Morris,20,2,0.0018648759286284994,0.49999999999999994
Sobol,20,2,0.008637632232391976,0.4940417469225768
Fast,20,2,0.39507128802101177,0.22885964539860598
RDB-Fast,20,2,0.23952128254594873,0.6618369845933232
Delta,20,2,0.04968130459431984,0.3807863737460396
DGSM,20,2,2.4735931304149837e-06,0.5000000000000001
R2,20,2,1.7724295193479167e-10,0.5
Pearson,20,2,0.011974698918572326,0.5005741077750699
RF,20,2,0.009931128589156438,0.5
Linear,20,2,0.010256238368052131,0.5
Morris,21,2,0.0025536640885166564,0.5
Sobol,21,2,0.0919267933399899,0.1218467139769259
Fast,21,2,0.0945262527098179,0.21901676985439095
RDB-Fast,21,2,0.4140951656163554,0.4570126107449707
Delta,21,2,0.020417683182816303,0.12067840659819618
DGSM,21,2,0.0018043255158037535,0.49999999999999994
R2,21,2,7.858390128595209e-06,0.5000000000000001
Pearson,21,2,0.08706246220901537,0.20584331514400567
RF,21,2,0.03825942280260229,0.5000000000000001
Linear,21,2,0.18254725083220266,0.5
Morris,22,2,0.004716926768603649,0.49999999999999994
Sobol,22,2,0.16026290106076374,-0.11946748170974762
Fast,22,2,0.06855852499985324,0.19225715664861368
RDB-Fast,22,2,0.4035647685715893,0.4747300007217729
Delta,22,2,0.021190482632465306,0.14461791306043942
DGSM,22,2,0.0041161856764731705,0.5
R2,22,2,2.183206714849759e-09,0.5
Pearson,22,2,0.04557267464859745,0.268265704562161
RF,22,2,0.023075112231080826,0.5
Linear,22,2,0.16486750619456628,0.5
Morris,23,2,0.0037508705537180275,0.5000000000000001
Sobol,23,2,0.180159078114622,0.1661469522898638
Fast,23,2,0.1058209573491938,0.17708569454084183
RDB-Fast,23,2,0.5341048842147407,0.4461732949121566
Delta,23,2,0.020283057056293397,0.07653058843740626
DGSM,23,2,0.019668434862150985,0.5
R2,23,2,3.903180225532573e-05,0.5
Pearson,23,2,0.06382800913159406,0.15230186009761257
RF,23,2,0.010082300550498845,0.5000000000000001
Linear,23,2,0.06812275097814784,0.49999999999999994
Morris,24,2,0.0011906717447162662,0.49999999999999994
Sobol,24,2,0.023314722689161686,0.27613674467911675
Fast,24,2,0.08877749332842069,0.22340531108955983
RDB-Fast,24,2,0.24441308983186918,0.5758591273740409
Delta,24,2,0.03577964992847858,0.23221155276432065
DGSM,24,2,0.0015357314180223659,0.49999999999999994
R2,24,2,3.6237364389580724e-07,0.5
Pearson,24,2,0.03022017964365612,0.4183370619245821
RF,24,2,0.019908981641595304,0.5000000000000001
Linear,24,2,0.014403447036037687,0.5000000000000001
Morris,1,5,0.0007944678973379178,0.19999999999999996
Sobol,1,5,0.018061065704484763,0.180183619446113
Fast,1,5,0.1440572694234465,0.23118156290124156
RDB-Fast,1,5,0.34538033928419276,0.5290954192082412
Delta,1,5,0.02472583666316846,0.21231866038842542
DGSM,1,5,0.00011761347290427947,0.2
R2,1,5,1.9598821101637216e-07,0.2
Pearson,1,5,0.041500099312476245,0.3379998379068704
RF,1,5,0.01364327970522917,0.2
Linear,1,5,0.008007635531515553,0.2
Morris,2,5,4.179551393829651e-05,0.19999999999999996
Sobol,2,5,0.006150576489969223,0.22176308950873427
Fast,2,5,0.3675383906196545,0.21269626024743563
RDB-Fast,2,5,0.41903646030522224,0.5445607926953734
Delta,2,5,0.03386431320196543,0.21540236180635505
DGSM,2,5,6.633511128820115e-09,0.2
R2,2,5,4.303630865704286e-16,0.2
Pearson,2,5,0.047854406818386416,0.29323599057027244
RF,2,5,0.01743445160158335,0.19999999999999996
Linear,2,5,0.038901020012232224,0.2
Morris,3,5,0.0011063042630675762,0.2
Sobol,3,5,0.07703057660320588,0.2754783771836163
Fast,3,5,0.21781751921413148,0.20722661097499512
RDB-Fast,3,5,0.37711754063309555,0.5480405505621511
Delta,3,5,0.020749543007901453,0.1995449805736635
DGSM,3,5,0.0011777322998841732,0.20000000000000004
R2,3,5,3.212307666850049e-06,0.2
Pearson,3,5,0.03411571279608884,0.3076409067413715
RF,3,5,0.012662905969739603,0.2
Linear,3,5,0.012956800704415024,0.2
Morris,4,5,0.0033918373835466757,0.2
Sobol,4,5,0.04008809969510473,0.19935803080914521
Fast,4,5,0.2206117882173812,0.21485237691887957
RDB-Fast,4,5,0.40055933454906845,0.5112288791314917
Delta,4,5,0.09851156423081568,0.14058940836712913
DGSM,4,5,4.4758802472775405e-05,0.19999999999999996
R2,4,5,3.297078037242422e-07,0.2
Pearson,4,5,0.04045197552459398,0.2444665219893011
RF,4,5,0.029825461933438505,0.2
Linear,4,5,0.03224530988779019,0.2
Morris,5,5,1.5713700549668356e-28,0.2
Sobol,5,5,0.01048812554687246,0.1957467690779228
Fast,5,5,0.2229214141690897,0.2066274247700674
RDB-Fast,5,5,0.3705511991413978,0.5256253792359105
Delta,5,5,0.021019610881419154,0.2300381542163585
DGSM,5,5,1.2354483880173446e-27,0.20000000000000004
R2,5,5,8.15272656717439e-07,0.2
Pearson,5,5,0.027762600838432044,0.3901159864925787
RF,5,5,0.011607950368081946,0.2
Linear,5,5,2.654733131704962e-31,0.2
Morris,6,5,0.0012932835164658147,0.2
Sobol,6,5,0.029676792403152127,0.09715446728913836
Fast,6,5,0.14884645692436446,0.19327642419583696
RDB-Fast,6,5,0.38759567105296483,0.5000023739360212
Delta,6,5,0.024142639806416476,0.18695360777816877
DGSM,6,5,0.001430186526183137,0.2
R2,6,5,8.248605824098071e-13,0.2
Pearson,6,5,0.04015281965610804,0.3565374823681767
RF,6,5,0.013944980155033718,0.2
Linear,6,5,0.010643875181989922,0.2
Morris,7,5,0.0008894399924044264,0.2
Sobol,7,5,0.01691797642405466,0.026490299363567338
Fast,7,5,0.13107608419915331,0.2132421589203597
RDB-Fast,7,5,0.4834109958789677,0.43499960724918774
Delta,7,5,0.013641866886440028,0.08738232367274786
DGSM,7,5,0.04049422839001052,0.2
R2,7,5,7.488010479963192e-08,0.2
Pearson,7,5,0.04541919715927385,0.15952320907184597
RF,7,5,0.014107358743534602,0.2
Linear,7,5,0.025210966654758766,0.2
Morris,8,5,0.001081530747582475,0.2
Sobol,8,5,0.014358244362596619,0.21064341408998843
Fast,8,5,0.11702677975951424,0.2548347321913911
RDB-Fast,8,5,0.3523943438755188,0.5364418142146926
Delta,8,5,0.022757279264096906,0.16670023226764102
DGSM,8,5,0.0007975093524245428,0.2
R2,8,5,9.272867959047923e-12,0.2
Pearson,8,5,0.03719041817009384,0.30039713526444556
RF,8,5,0.01531777106523305,0.2
Linear,8,5,0.014385118376694692,0.2
Morris,9,5,0.0014234184750804234,0.2
Sobol,9,5,0.030465855760319478,0.07491195168306017
Fast,9,5,0.13788199479173252,0.24901932317062556
RDB-Fast,9,5,0.4252960862856136,0.48135790386214405
Delta,9,5,0.009970405454007476,0.11531000608726442
DGSM,9,5,0.0032919539293680745,0.2
R2,9,5,1.3374668366926875e-11,0.2
Pearson,9,5,0.05220620104829912,0.19589921313778189
RF,9,5,0.015059985112637555,0.2
Linear,9,5,0.03934575587345222,0.2
Morris,10,5,0.0007273103226547982,0.2
Sobol,10,5,0.04266763574337969,0.1796856652547706
Fast,10,5,0.10871953904607222,0.20453150394016023
RDB-Fast,10,5,0.4050986213227455,0.4891889997174845
Delta,10,5,0.015585576624416717,0.1601851607252707
DGSM,10,5,2.2905561782112268e-07,0.2
R2,10,5,3.8180114483631294e-16,0.2
Pearson,10,5,0.030293898505332775,0.3414264419407319
RF,10,5,0.01650130769382866,0.2
Linear,10,5,0.0051135167345807185,0.2
Morris,11,5,0.000744606932384467,0.2
Sobol,11,5,0.06023381533168397,0.14391598483197407
Fast,11,5,0.21198347142527646,0.26615677377475794
RDB-Fast,11,5,0.40913705608091067,0.49578333415645554
Delta,11,5,0.02192766154737601,0.1796445037479194
DGSM,11,5,1.7857176650006818e-07,0.2
R2,11,5,4.4213379221490774e-16,0.2
Pearson,11,5,0.026982953540407254,0.3290321779239447
RF,11,5,0.01325167726924191,0.2
Linear,11,5,0.00941741122062467,0.2
Morris,12,5,0.014744639521984203,0.19999999999999996
Sobol,12,5,0.02918060578915127,0.024591543135950238
Fast,12,5,0.10067866902842418,0.20318072698033746
RDB-Fast,12,5,0.4830521762278683,0.44463498801031
Delta,12,5,0.0169136688244738,0.11048924480002249
DGSM,12,5,5.543465169169447e-07,0.2
R2,12,5,5.57947606355612e-19,0.2
Pearson,12,5,0.04577254761805641,0.2703817871516596
RF,12,5,0.03189789607914099,0.2
Linear,12,5,0.011397404764579675,0.2
Morris,13,5,0.0007223441790972813,0.2
Sobol,13,5,0.03869738382924922,0.19078329820746787
Fast,13,5,0.18249347101984995,0.23778294817827067
RDB-Fast,13,5,0.38102026220692425,0.531498644953683
Delta,13,5,0.021636811474243806,0.21232267850457393
DGSM,13,5,0.0002603397268360425,0.2
R2,13,5,4.075680426508538e-09,0.2
Pearson,13,5,0.03150092475373876,0.35591249389537244
RF,13,5,0.009995509710887036,0.19999999999999996
Linear,13,5,0.006333767118514192,0.2
Morris,14,5,0.0016382384296282709,0.2
Sobol,14,5,0.05037040474380164,0.18914001265046318
Fast,14,5,0.13008096943098535,0.24380255321718008
RDB-Fast,14,5,0.3978160755872976,0.49291082468741504
Delta,14,5,0.017848060826817155,0.1786297737740701
DGSM,14,5,7.964209663233291e-05,0.2
R2,14,5,1.2862226835023702e-05,0.20000000000000004
Pearson,14,5,0.02650694645682669,0.3775190644378865
RF,14,5,0.015022433834983029,0.2
Linear,14,5,0.004825939632991787,0.2
Morris,15,5,0.0017895479721019845,0.2
Sobol,15,5,0.013422748113609544,0.15845763932845922
Fast,15,5,0.16833821034257013,0.19368732203794153
RDB-Fast,15,5,0.41831034831562347,0.5125105234597702
Delta,15,5,0.01981147778595631,0.17657493010542902
DGSM,15,5,0.00020770487695689953,0.2
R2,15,5,4.347755058735976e-09,0.2
Pearson,15,5,0.04216666633311924,0.3093819738575268
RF,15,5,0.010838101796511656,0.2
Linear,15,5,0.016153224947475283,0.2
Morris,16,5,0.0007573487247509175,0.2
Sobol,16,5,0.09269133585092047,0.03470813698041511
Fast,16,5,0.11883794279109239,0.2021111098604485
RDB-Fast,16,5,0.5324717381732869,0.3971707881400289
Delta,16,5,0.025583736503161224,0.08121204507908347
DGSM,16,5,0.03050106790719623,0.20000000000000004
R2,16,5,2.4028904966373553e-07,0.2
Pearson,16,5,0.07268197525756225,0.16610618509372246
RF,16,5,0.011067205053916724,0.2
Linear,16,5,0.01860407369674992,0.2
Morris,17,5,0.003211185328216867,0.2
Sobol,17,5,0.007741763149263932,0.15472915741899734
Fast,17,5,0.20712968460781597,0.21418843259181314
RDB-Fast,17,5,0.4129875270209636,0.4915005699431356
Delta,17,5,0.02038243884113125,0.17418780992082952
DGSM,17,5,0.00035763819209799904,0.20000000000000007
R2,17,5,7.866082127643475e-05,0.2
Pearson,17,5,0.032231895309088085,0.28287813892107644
RF,17,5,0.011871409444710492,0.20000000000000004
Linear,17,5,0.017377013702318346,0.2
Morris,18,5,0.0025400528228558704,0.2
Sobol,18,5,0.049015328368415,0.05586235967469719
Fast,18,5,0.1989188524563452,0.21411595296050484
RDB-Fast,18,5,0.4207076507593476,0.47521597680209743
Delta,18,5,0.019870494044199133,0.1673804432626505
DGSM,18,5,0.0019608182675448895,0.2
R2,18,5,1.7033943247594409e-06,0.2
Pearson,18,5,0.032799672486678214,0.28232396105523366
RF,18,5,0.011110351622845523,0.2
Linear,18,5,0.02030083308127332,0.20000000000000004
Morris,19,5,0.0012110133193223703,0.2
Sobol,19,5,0.1637856672875705,0.14574357196632162
Fast,19,5,0.12247811653690927,0.22759507333000525
RDB-Fast,19,5,0.422232572399909,0.47123524832949104
Delta,19,5,0.017242608348211362,0.13344791802871378
DGSM,19,5,0.111262644265447,0.2
R2,19,5,0.00011817407664829199,0.2
Pearson,19,5,0.05774052358800686,0.20883299261322602
RF,19,5,0.015616819847397816,0.2
Linear,19,5,0.032001127890894585,0.2
Morris,20,5,0.0009741969118690125,0.2
Sobol,20,5,0.11056369045497404,0.22844612030554406
Fast,20,5,0.19182331235418254,0.20963758596813548
RDB-Fast,20,5,0.3766131915354253,0.5277144061017746
Delta,20,5,0.02090285444300284,0.1952026413884982
DGSM,20,5,0.0001776437446433029,0.2
R2,20,5,1.4130290988377872e-11,0.2
Pearson,20,5,0.031329738943439274,0.33835083366359936
RF,20,5,0.014559337931508664,0.2
Linear,20,5,0.009167778072315948,0.19999999999999996
Morris,21,5,0.0019483366636629145,0.2
Sobol,21,5,0.0811646295074146,0.19403074586370955
Fast,21,5,0.10840289310596175,0.2060024292866558
RDB-Fast,21,5,0.4921327080229267,0.4353589968268578
Delta,21,5,0.015512162447534856,0.0829361504971108
DGSM,21,5,0.004619538617952324,0.2
R2,21,5,2.179090754754227e-07,0.2
Pearson,21,5,0.03816019976055853,0.18017584456243285
RF,21,5,0.009079230974153571,0.2
Linear,21,5,0.016907617967965912,0.2
Morris,22,5,0.002186502629531935,0.2
Sobol,22,5,0.1286732924069732,-0.19477756023798662
Fast,22,5,0.11351571655896348,0.20523795300964118
RDB-Fast,22,5,0.502653996135435,0.435375070536344
Delta,22,5,0.015952212618182388,0.08875057752421327
DGSM,22,5,0.005880561902616983,0.2
R2,22,5,6.467509521447064e-10,0.2
Pearson,22,5,0.04237366827070318,0.19137183489063725
RF,22,5,0.017006444098078485,0.2
Linear,22,5,0.034088051907596735,0.2
Morris,23,5,0.0008328545831549676,0.2
Sobol,23,5,0.18871861677285692,-0.02976531909154208
Fast,23,5,0.12003787335462412,0.19540701580597922
RDB-Fast,23,5,0.5273067137577451,0.41744503677653644
Delta,23,5,0.01744063149609279,0.06664575421946467
DGSM,23,5,0.00609017035638294,0.2
R2,23,5,1.1481978824317081e-05,0.2
Pearson,23,5,0.06154949846425015,0.15918858949150522
RF,23,5,0.008180005441739802,0.2
Linear,23,5,0.01583818837444154,0.2
Morris,24,5,0.0009343025445272224,0.2
Sobol,24,5,0.020087248020209426,0.20464741486873728
Fast,24,5,0.1156937820818804,0.23779622380489987
RDB-Fast,24,5,0.3998358755463544,0.5042126266174936
Delta,24,5,0.021853569015528835,0.1534009501427447
DGSM,24,5,0.0006435095419860243,0.2
R2,24,5,6.242045745056687e-08,0.2
Pearson,24,5,0.03711813459350863,0.26140930961244313
RF,24,5,0.01492521153080085,0.2
Linear,24,5,0.012857434318315382,0.2
Morris,1,10,0.00019236360215981547,0.1
Sobol,1,10,0.015278271211899399,0.06234827666487679
Fast,1,10,0.12951424302230694,0.19668171140046645
RDB-Fast,1,10,0.43751782198263783,0.4672672023058188
Delta,1,10,0.01887609709052045,0.1409226789703009
DGSM,1,10,2.0321764500422085e-05,0.1
R2,1,10,2.4582634651964083e-08,0.09999999999999998
Pearson,1,10,0.03438702082637772,0.2589134109695546
RF,1,10,0.007571170019596787,0.1
Linear,1,10,0.005182740946567117,0.1
Morris,2,10,0.00023408982897158665,0.1
Sobol,2,10,0.0021462427275258903,0.1035325187512781
Fast,2,10,0.23969957449183382,0.17519878054601987
RDB-Fast,2,10,0.4775749951339269,0.4636307114588494
Delta,2,10,0.022723500801609765,0.14601841248435637
DGSM,2,10,3.215222749459477e-07,0.1
R2,2,10,4.697434443848205e-17,0.1
Pearson,2,10,0.048135817168723685,0.22634032186122663
RF,2,10,0.01135478752009382,0.10000000000000003
Linear,2,10,0.0213575377996643,0.09999999999999998
Morris,3,10,0.00046678008119729956,0.1
Sobol,3,10,0.018950822208263253,0.0904717749438319
Fast,3,10,0.07485109088119923,0.14770791362144126
RDB-Fast,3,10,0.44151353667543275,0.45900628860245524
Delta,3,10,0.03713510736942087,0.1256942601322284
DGSM,3,10,0.0038040401599650007,0.1
R2,3,10,8.648919301265791e-07,0.1
Pearson,3,10,0.03747772787458197,0.22853594705530791
RF,3,10,0.015446063647543466,0.1
Linear,3,10,0.005453445030147008,0.1
Morris,4,10,0.0005405724711563508,0.1
Sobol,4,10,0.0030089043776566383,0.10075709104029663
Fast,4,10,0.16139401450312096,0.19567779347342304
RDB-Fast,4,10,0.4594435761826145,0.47083188745247145
Delta,4,10,0.045961393518205045,0.10964214253474197
DGSM,4,10,0.007034718088071014,0.1
R2,4,10,1.3518225699481846e-08,0.1
Pearson,4,10,0.04642113158589448,0.2113387585376844
RF,4,10,0.019167837616990965,0.10000000000000002
Linear,4,10,0.016424402314643295,0.1
Morris,5,10,1.7148001983316837e-28,0.1
Sobol,5,10,0.011211117766725,0.0899165772150252
Fast,5,10,0.18271808474344853,0.21459740451306206
RDB-Fast,5,10,0.4348209761269243,0.4717659005545934
Delta,5,10,0.02226850470579401,0.14795561014006342
DGSM,5,10,6.319598303874609e-27,0.1
R2,5,10,2.871951440286473e-08,0.1
Pearson,5,10,0.03212582940246261,0.29595030077741347
RF,5,10,0.008070743801859757,0.10000000000000002
Linear,5,10,0.000576258286390205,0.1
Morris,6,10,0.00016684018194472068,0.1
Sobol,6,10,0.011845567048847956,0.08776717625402913
Fast,6,10,0.15049010127197018,0.22405638177791476
RDB-Fast,6,10,0.4469594914185444,0.46758409274826773
Delta,6,10,0.023863703869173847,0.14114172152762736
DGSM,6,10,0.00019097438064913068,0.1
R2,6,10,1.4608827543762832e-14,0.1
Pearson,6,10,0.039165568674384484,0.28622682712533726
RF,6,10,0.008089770709308228,0.1
Linear,6,10,0.0031887519554176257,0.1
Morris,7,10,0.0002600047087161294,0.1
Sobol,7,10,0.013000222030269133,0.08282486038335643
Fast,7,10,0.18477710178594556,0.24035995400440244
RDB-Fast,7,10,0.4599519954194608,0.45185256335161395
Delta,7,10,0.020898555569466223,0.131481670658379
DGSM,7,10,0.040424255702493694,0.1
R2,7,10,2.1137339715171167e-09,0.1
Pearson,7,10,0.03612276831744965,0.2704414011213623
RF,7,10,0.008443857084396574,0.1
Linear,7,10,0.0035828545377572046,0.1
Morris,8,10,0.0003369311958905144,0.1
Sobol,8,10,0.01743995528915035,0.06833309191398643
Fast,8,10,0.17992128128651072,0.2085122406271988
RDB-Fast,8,10,0.4465262606005953,0.471834214031654
Delta,8,10,0.022475638253254413,0.12287865207908959
DGSM,8,10,0.000584756884997837,0.1
R2,8,10,7.852598507553058e-14,0.09999999999999998
Pearson,8,10,0.03336976749272953,0.24060369654999159
RF,8,10,0.010514691341073641,0.1
Linear,8,10,0.005721766357466121,0.1
Morris,9,10,0.0005202719505491688,0.1
Sobol,9,10,0.06217424916819167,0.08512778594614706
Fast,9,10,0.0785581739267214,0.16636839615999255
RDB-Fast,9,10,0.46793200445714717,0.434588767654086
Delta,9,10,0.018066596738102444,0.1045799395345299
DGSM,9,10,0.0006389882237623435,0.09999999999999998
R2,9,10,3.2264229545400896e-13,0.1
Pearson,9,10,0.05046093219125021,0.1807433576403097
RF,9,10,0.006010636438246251,0.1
Linear,9,10,0.00658335337000524,0.1
Morris,10,10,0.00026820365448491023,0.1
Sobol,10,10,0.03582488779971635,0.10524688924869975
Fast,10,10,0.19265408609660228,0.25918653599556885
RDB-Fast,10,10,0.45265461560881326,0.4537662395372835
Delta,10,10,0.018716098268186973,0.1303978432572949
DGSM,10,10,9.045184606293098e-06,0.1
R2,10,10,2.0418904646222133e-17,0.1
Pearson,10,10,0.032351527357044337,0.27988933309884845
RF,10,10,0.009260968690677081,0.1
Linear,10,10,0.003592596923735383,0.1
Morris,11,10,0.0002703870708588612,0.10000000000000002
Sobol,11,10,0.019033445783437047,0.029414955732616287
Fast,11,10,0.14423558052636998,0.20507794857188616
RDB-Fast,11,10,0.5074081098025509,0.42354344519632536
Delta,11,10,0.01582546550377608,0.07983596234574855
DGSM,11,10,1.3633245849366025e-07,0.10000000000000002
R2,11,10,3.8563411119234424e-16,0.1
Pearson,11,10,0.04258132435588134,0.169217526735152
RF,11,10,0.012302147940652796,0.1
Linear,11,10,0.00841944609989576,0.1
Morris,12,10,0.0035895180684967108,0.1
Sobol,12,10,0.046378791612032504,0.06598139383191846
Fast,12,10,0.1248817620834836,0.20239632357650056
RDB-Fast,12,10,0.5005063996888319,0.43618444133815487
Delta,12,10,0.021030679215653984,0.10155740947740244
DGSM,12,10,0.0039318475754100135,0.1
R2,12,10,7.10797212290294e-20,0.1
Pearson,12,10,0.05741796868378607,0.2303541528739387
RF,12,10,0.0097194137565528,0.1
Linear,12,10,0.008181138163939223,0.1
Morris,13,10,0.00020990122940367528,0.1
Sobol,13,10,0.02806602701770005,0.12425611906325763
Fast,13,10,0.15923109609973693,0.21702539976423213
RDB-Fast,13,10,0.4432899463560262,0.46738098568242453
Delta,13,10,0.021927643975912892,0.14019664178017
DGSM,13,10,0.000135279690287791,0.1
R2,13,10,1.877044391473157e-10,0.1
Pearson,13,10,0.04029608182288074,0.2854273339654569
RF,13,10,0.008138971351255977,0.1
Linear,13,10,0.0034119974885144476,0.1
Morris,14,10,0.00039475087765117876,0.1
Sobol,14,10,0.022537924427899026,0.039525457741039126
Fast,14,10,0.15153326569172865,0.2207140474284233
RDB-Fast,14,10,0.4545976481804938,0.4461359379238895
Delta,14,10,0.021796720879552707,0.12362803863315723
DGSM,14,10,0.0002811760230619671,0.10000000000000002
R2,14,10,1.1010351996276538e-06,0.1
Pearson,14,10,0.038614739792177374,0.26447848368254756
RF,14,10,0.00889351643209451,0.1
Linear,14,10,0.003821423946814756,0.1
Morris,15,10,0.0008688144160604811,0.1
Sobol,15,10,0.022635301478032513,0.05189046390956493
Fast,15,10,0.1377518985959959,0.22530517650318366
RDB-Fast,15,10,0.4629647064434752,0.4537337173500338
Delta,15,10,0.01799970320534672,0.12019801218510044
DGSM,15,10,0.0020170336705935938,0.10000000000000002
R2,15,10,4.636551529203654e-10,0.1
Pearson,15,10,0.03960795347559965,0.2530043882978213
RF,15,10,0.0070552487492840125,0.1
Linear,15,10,0.00470134087551187,0.1
Morris,16,10,0.0003041235186969789,0.1
Sobol,16,10,0.02563580377685775,0.06077002263410511
Fast,16,10,0.11561814951222522,0.1967198146077636
RDB-Fast,16,10,0.5293221925613197,0.4026500046858861
Delta,16,10,0.020837760522152814,0.07270713858367661
DGSM,16,10,0.0011701718412600905,0.1
R2,16,10,3.476760349495086e-08,0.1
Pearson,16,10,0.06252313426799062,0.15355368689424412
RF,16,10,0.005361902334689712,0.1
Linear,16,10,0.005716041815548796,0.1
Morris,17,10,0.0006915552282929474,0.1
Sobol,17,10,0.02023811872704476,0.06278114344372945
Fast,17,10,0.16739212977928514,0.2267396093783137
RDB-Fast,17,10,0.47816098071751084,0.4367375321138386
Delta,17,10,0.018889077185121988,0.11258178226639795
DGSM,17,10,0.0022929047054557157,0.1
R2,17,10,1.6703495268980415e-06,0.1
Pearson,17,10,0.04533543378685744,0.250577109429964
RF,17,10,0.008138117245738995,0.1
Linear,17,10,0.0053571713065274,0.1
Morris,18,10,0.0007946493586068292,0.1
Sobol,18,10,0.01280913050695509,0.012288257537798563
Fast,18,10,0.16634500529568477,0.22542012735976671
RDB-Fast,18,10,0.47487571585402966,0.4375115340789489
Delta,18,10,0.018630030060808777,0.11276028121721136
DGSM,18,10,0.0003296503618105114,0.1
R2,18,10,5.987087918881377e-08,0.1
Pearson,18,10,0.04517146809189585,0.251857088337275
RF,18,10,0.008572744442579655,0.10000000000000002
Linear,18,10,0.005199686017313865,0.1
Morris,19,10,0.0003499575710946923,0.1
Sobol,19,10,0.020970891289173076,0.07917590385063597
Fast,19,10,0.14573898422322357,0.20730222184818048
RDB-Fast,19,10,0.4739172374500457,0.4583060886595036
Delta,19,10,0.015424529679811354,0.09454770270897762
DGSM,19,10,0.04612622932365618,0.1
R2,19,10,1.0773483648297091e-05,0.1
Pearson,19,10,0.0458010932702054,0.16579991296762311
RF,19,10,0.005577292395375005,0.1
Linear,19,10,0.011097096279269435,0.1
Morris,20,10,0.0003808590691094832,0.10000000000000002
Sobol,20,10,0.00927366801039021,0.0952892692242516
Fast,20,10,0.11553405046998261,0.17700243503354682
RDB-Fast,20,10,0.4459543734139355,0.47009786198376485
Delta,20,10,0.018695459959796146,0.12582955955506148
DGSM,20,10,0.0004309069353143314,0.1
R2,20,10,5.514408335280294e-13,0.1
Pearson,20,10,0.03514242729238158,0.2548787859370282
RF,20,10,0.009895838603364229,0.1
Linear,20,10,0.004504755421152076,0.1
Morris,21,10,0.0006381142828295349,0.1
Sobol,21,10,0.03607379575894462,0.06163636411698471
Fast,21,10,0.1224455379202535,0.19979462379346985
RDB-Fast,21,10,0.5122371727506825,0.4241464365457644
Delta,21,10,0.01798735768732679,0.08140143216881837
DGSM,21,10,0.004021628775934106,0.1
R2,21,10,1.5290190659107585e-08,0.1
Pearson,21,10,0.04313201213058839,0.15890754089403028
RF,21,10,0.00396483017539568,0.1
Linear,21,10,0.011249903607190238,0.1
Morris,22,10,0.001807910572402309,0.1
Sobol,22,10,0.01608077854739264,0.002184568010651669
Fast,22,10,0.09470210447950196,0.18368139660327326
RDB-Fast,22,10,0.5043251082638538,0.4326680529700556
Delta,22,10,0.019563798327559008,0.08939936299219753
DGSM,22,10,0.0068794742066479045,0.1
R2,22,10,2.2601244712072941e-10,0.1
Pearson,22,10,0.04199930662208225,0.18367734544357853
RF,22,10,0.006020934959393796,0.1
Linear,22,10,0.007231454514741697,0.10000000000000002
Morris,23,10,0.00031528729402048833,0.1
Sobol,23,10,0.21115887427315838,0.15697918909933278
Fast,23,10,0.1123013770449164,0.19335116230049096
RDB-Fast,23,10,0.5251137738986696,0.4141144832784851
Delta,23,10,0.025984346493775023,0.0838994155508772
DGSM,23,10,0.0015030840668594718,0.1
R2,23,10,2.7540799382590344e-06,0.1
Pearson,23,10,0.06820714999047522,0.16702431348407762
RF,23,10,0.004354156889860232,0.1
Linear,23,10,0.005622773907255914,0.1
Morris,24,10,0.0002778594425197229,0.1
Sobol,24,10,0.027813151130682664,0.14420699303230342
Fast,24,10,0.1144277098300069,0.1969185500585202
RDB-Fast,24,10,0.4552378052313919,0.45888874476674335
Delta,24,10,0.017290829357731807,0.11305281414202455
DGSM,24,10,0.001245792601794575,0.1
R2,24,10,3.219737564184138e-09,0.1
Pearson,24,10,0.03136365668895386,0.19265527116799047
RF,24,10,0.003746605513912652,0.1
Linear,24,10,0.00407024179958117,0.1
Morris,1,20,4.0613359539958046e-05,0.05
Sobol,1,20,0.004610863297566738,0.04977591823459776
Fast,1,20,0.16114639652721977,0.2402142878255761
RDB-Fast,1,20,0.47783413121374513,0.4344121919649262
Delta,1,20,0.021200216746509303,0.10716094258419712
DGSM,1,20,9.50206002503912e-06,0.04999999999999999
R2,1,20,2.094623179509004e-09,0.05
Pearson,1,20,0.04244205245646571,0.22993930184178274
RF,1,20,0.0029545868979163692,0.05
Linear,1,20,0.0015606941089236035,0.05
Morris,2,20,0.00029178211549751165,0.05
Sobol,2,20,0.0032001707805346725,0.0393083207074593
Fast,2,20,0.20294147997789344,0.20138899513680564
RDB-Fast,2,20,0.49194895016495865,0.4396719127720273
Delta,2,20,0.020805106513795156,0.10340202691077102
DGSM,2,20,3.8814538140432374e-05,0.04999999999999999
R2,2,20,2.316415053670558e-18,0.05
Pearson,2,20,0.04667269950434474,0.19699946103704563
RF,2,20,0.0077067866855370344,0.05
Linear,2,20,0.006253271335830381,0.05
Morris,3,20,0.00015768473496534632,0.05
Sobol,3,20,0.005497986446696152,0.05919095835406682
Fast,3,20,0.1275851726365134,0.1690936579548621
RDB-Fast,3,20,0.487419261532585,0.4453515895448839
Delta,3,20,0.02394883686838853,0.10054878342699194
DGSM,3,20,0.00012314719790297793,0.05000000000000001
R2,3,20,2.1687692339475e-10,0.05
Pearson,3,20,0.04986680802103656,0.20468269612414494
RF,3,20,0.007488146899676457,0.04999999999999999
Linear,3,20,0.004420707038094281,0.05
Morris,4,20,0.00021873799114087195,0.05
Sobol,4,20,0.00958304562687434,0.06080928541218308
Fast,4,20,0.18990734216260216,0.21734020407481885
RDB-Fast,4,20,0.48484971705339014,0.44723571448803884
Delta,4,20,0.023334928689874676,0.10365905975533865
DGSM,4,20,0.0006051045492507537,0.05000000000000001
R2,4,20,7.33303447181821e-11,0.05
Pearson,4,20,0.05380974447906091,0.2010675370095564
RF,4,20,0.007641986624000797,0.05
Linear,4,20,0.006293274583115183,0.05
Morris,5,20,5.596075569118262e-29,0.05000000000000001
Sobol,5,20,0.003211007836560481,0.048029296609288334
Fast,5,20,0.21237026899603179,0.23477260680483147
RDB-Fast,5,20,0.4807824048223535,0.4503964190116542
Delta,5,20,0.025377188511918992,0.1167252396385684
DGSM,5,20,1.828843549168656e-27,0.05
R2,5,20,1.2631541473443005e-09,0.05
Pearson,5,20,0.041373826757284765,0.2561491012855002
RF,5,20,0.0041233703370366,0.05
Linear,5,20,0.0006313101001478686,0.05000000000000001
Morris,6,20,5.788227583010881e-05,0.05
Sobol,6,20,0.012659763794046897,0.06242403977593391
Fast,6,20,0.17050854578305283,0.22751300360608206
RDB-Fast,6,20,0.4853218456071879,0.4259827488823325
Delta,6,20,0.02369262206253232,0.1118887650060185
DGSM,6,20,0.0002453696726405723,0.05
R2,6,20,2.744638540650453e-16,0.05
Pearson,6,20,0.040246875064833515,0.24188895813005343
RF,6,20,0.003826525605846383,0.05
Linear,6,20,0.0011008605328735553,0.04999999999999999
Morris,7,20,7.350407391716198e-05,0.05
Sobol,7,20,0.0033661430237162016,0.04063884182184373
Fast,7,20,0.18904754466134358,0.22374972950051558
RDB-Fast,7,20,0.48561304924915855,0.429804341598127
Delta,7,20,0.0224794809884402,0.11091533709106892
DGSM,7,20,0.028639870305246458,0.05
R2,7,20,8.790999923268926e-11,0.05
Pearson,7,20,0.04472427688775113,0.23250618106911905
RF,7,20,0.004324573525453954,0.05
Linear,7,20,0.0016876446534339917,0.05
Morris,8,20,0.00011197396769221871,0.05
Sobol,8,20,0.004017292990088809,0.05917814795227454
Fast,8,20,0.14871676982823123,0.20886928194281287
RDB-Fast,8,20,0.48202230465405294,0.4380977433840979
Delta,8,20,0.024940234466176756,0.10547816813320993
DGSM,8,20,0.0001558898755973362,0.05000000000000001
R2,8,20,3.4651466840511677e-15,0.05
Pearson,8,20,0.04524285087993039,0.20862175473758143
RF,8,20,0.005760778109147726,0.05
Linear,8,20,0.00224406112897652,0.05
Morris,9,20,8.734310263595039e-05,0.05
Sobol,9,20,0.004946362237842378,0.024157297728354794
Fast,9,20,0.1387807262046376,0.20357795366223058
RDB-Fast,9,20,0.49883250553633807,0.43380395895242585
Delta,9,20,0.022072455946733863,0.09130788212697308
DGSM,9,20,0.0001684546135883165,0.05
R2,9,20,9.668670905951999e-15,0.05
Pearson,9,20,0.05987931869630492,0.1738179701332361
RF,9,20,0.0024127180112930354,0.05
Linear,9,20,0.0026790867438096586,0.05
Morris,10,20,7.64448624529656e-05,0.05
Sobol,10,20,0.005052912191378996,0.0202047453715901
Fast,10,20,0.18157049753795884,0.2164198296730617
RDB-Fast,10,20,0.5068858762693053,0.42564277019025276
Delta,10,20,0.018661643116723553,0.08482388966279529
DGSM,10,20,3.8118274175993944e-05,0.05
R2,10,20,5.3439674504102e-18,0.05
Pearson,10,20,0.03754617520537194,0.19891364727362135
RF,10,20,0.004078498909226163,0.05
Linear,10,20,0.001841447724777337,0.05000000000000001
Morris,11,20,8.280980779907718e-05,0.05
Sobol,11,20,0.013160904394361982,0.00962036818755163
Fast,11,20,0.20169890894125164,0.23489871992220104
RDB-Fast,11,20,0.5112024236837887,0.41651937071609946
Delta,11,20,0.019761054372353898,0.07899049621454901
DGSM,11,20,5.3445817957384776e-08,0.05
R2,11,20,1.3380544527145555e-16,0.05
Pearson,11,20,0.04761324458061651,0.16765770265029886
RF,11,20,0.005044097087284642,0.05
Linear,11,20,0.0031458928434537413,0.05
Morris,12,20,0.000904266035827704,0.05
Sobol,12,20,0.0009521603066126225,0.01098656262287478
Fast,12,20,0.14104695538377168,0.20036774498446985
RDB-Fast,12,20,0.5060296954338672,0.42040951967880735
Delta,12,20,0.016964162488739755,0.08584953540767346
DGSM,12,20,9.624428014308101e-05,0.04999999999999999
R2,12,20,2.044942591371468e-22,0.05
Pearson,12,20,0.04888594808604724,0.19936883712825432
RF,12,20,0.004140319386607469,0.05
Linear,12,20,0.002026983144880745,0.05
Morris,13,20,6.929469287897717e-05,0.05
Sobol,13,20,0.010571354312111194,0.04104570147042261
Fast,13,20,0.1342571057735703,0.20828741885421134
RDB-Fast,13,20,0.49355247193580104,0.436262717604589
Delta,13,20,0.021214855854102817,0.10233130300034883
DGSM,13,20,0.00015816166311820906,0.05
R2,13,20,1.4544097752861235e-11,0.05
Pearson,13,20,0.039751596876956424,0.21326123941989253
RF,13,20,0.002438128874805446,0.05
Linear,13,20,0.0017773483446979538,0.05
Morris,14,20,0.00012928683680061035,0.05
Sobol,14,20,0.015369851334576357,0.03176565177320685
Fast,14,20,0.19257129582175478,0.2266274892594609
RDB-Fast,14,20,0.5073539208960169,0.4290837913234448
Delta,14,20,0.021123873484504507,0.09425892711901007
DGSM,14,20,0.00022529548002551684,0.05000000000000001
R2,14,20,1.5811803442898003e-07,0.05
Pearson,14,20,0.04376517867683082,0.2139557945314888
RF,14,20,0.0031669507892284347,0.05000000000000001
Linear,14,20,0.0017340153965381517,0.05
Morris,15,20,0.00039691272975047665,0.05
Sobol,15,20,0.0056329927049374486,0.02892205088375107
Fast,15,20,0.14771798182542592,0.19539293403678237
RDB-Fast,15,20,0.5016070297304889,0.42128752775336115
Delta,15,20,0.016225189556703885,0.09020914138659428
DGSM,15,20,0.0003099091276275462,0.05
R2,15,20,5.209434447385462e-11,0.05
Pearson,15,20,0.03840668164184025,0.2142380769351098
RF,15,20,0.0030351476953900313,0.05
Linear,15,20,0.0015482548374017775,0.05
Morris,16,20,8.675205671729861e-05,0.04999999999999999
Sobol,16,20,0.17614530183563082,0.22546715227269534
Fast,16,20,0.11356156668246381,0.19346006559132167
RDB-Fast,16,20,0.5309017603254287,0.4088039595334216
Delta,16,20,0.01888228054845626,0.07061984618547076
DGSM,16,20,0.0010284575762996087,0.05
R2,16,20,7.50341779704157e-09,0.05
Pearson,16,20,0.0562389843283745,0.1475428159777467
RF,16,20,0.0019385239597514616,0.05
Linear,16,20,0.0016017865026997991,0.05
Morris,17,20,0.00028788153520893097,0.05
Sobol,17,20,0.03214529166292534,0.01917584036863364
Fast,17,20,0.15433147470647646,0.21109027332605537
RDB-Fast,17,20,0.4995486264722278,0.4270571068827094
Delta,17,20,0.018353839692856942,0.09631125439805338
DGSM,17,20,0.00017223353796247778,0.05
R2,17,20,5.55095976243292e-07,0.05
Pearson,17,20,0.0397729934570623,0.21547510028651182
RF,17,20,0.004864142472470497,0.05
Linear,17,20,0.0013914043121174458,0.05
Morris,18,20,0.00035350407065046864,0.05
Sobol,18,20,0.030820093479207857,-0.003263722776646793
Fast,18,20,0.15405095890689066,0.2108288739585624
RDB-Fast,18,20,0.49893846347399673,0.42490406797381863
Delta,18,20,0.018445276929443703,0.09631218714352344
DGSM,18,20,6.12464040295902e-05,0.05
R2,18,20,2.0610683794004132e-08,0.05
Pearson,18,20,0.03924897714510529,0.2171784237522972
RF,18,20,0.004650400054264482,0.05
Linear,18,20,0.0014017856285553083,0.05
Morris,19,20,9.66207937761775e-05,0.05
Sobol,19,20,0.03532802323137354,0.04677478816036373
Fast,19,20,0.11095808663406721,0.184707696264428
RDB-Fast,19,20,0.501949816139486,0.43483186540829877
Delta,19,20,0.01651155583769436,0.08602944268479852
DGSM,19,20,0.015478862553981388,0.05000000000000002
R2,19,20,1.1162965089638551e-05,0.05
Pearson,19,20,0.053523955201713935,0.16775634545192625
RF,19,20,0.0023570410767672126,0.05
Linear,19,20,0.0019967159168145284,0.05
Morris,20,20,8.515882279615131e-05,0.05
Sobol,20,20,0.007644711849067457,0.038351036197508
Fast,20,20,0.1434271073959754,0.20264171495252847
RDB-Fast,20,20,0.48877043800087905,0.43740121982699126
Delta,20,20,0.01905587997355931,0.10127879712100399
DGSM,20,20,5.082089042733466e-05,0.05
R2,20,20,2.6248463542028364e-14,0.05
Pearson,20,20,0.04283752506430176,0.21673748232644796
RF,20,20,0.004234593951883494,0.05
Linear,20,20,0.001970987919266323,0.05
Morris,21,20,0.0004811823096811721,0.05
Sobol,21,20,0.016269297468479733,0.00036870869648184397
Fast,21,20,0.14985669331499488,0.20542660796001355
RDB-Fast,21,20,0.5143999237729578,0.4144873133582397
Delta,21,20,0.017848525098452455,0.07812527454431865
DGSM,21,20,0.00028151553423134946,0.05
R2,21,20,2.8547699479274163e-09,0.05
Pearson,21,20,0.0508912996860658,0.15639485501914174
RF,21,20,0.002899109479084262,0.05
Linear,21,20,0.00229008270538626,0.05
Morris,22,20,0.0006874047314697454,0.05
Sobol,22,20,0.03279393937642396,0.00029415818950524476
Fast,22,20,0.13294943857006045,0.19646676482243153
RDB-Fast,22,20,0.5188355921510357,0.4232988671841272
Delta,22,20,0.017732889255035234,0.07980942875842105
DGSM,22,20,0.0011321558081140049,0.05
R2,22,20,5.2132585961001244e-11,0.05
Pearson,22,20,0.04214586757188076,0.16189184833037362
RF,22,20,0.003647124200370927,0.05
Linear,22,20,0.0020151798605542665,0.05
Morris,23,20,8.433865233088347e-05,0.05
Sobol,23,20,0.12788524179326685,0.031916406789695914
Fast,23,20,0.11073575960632695,0.19132601788252301
RDB-Fast,23,20,0.5279363014765637,0.4127426538614374
Delta,23,20,0.021946175102232495,0.07365288444152243
DGSM,23,20,0.00035741519369506024,0.05
R2,23,20,6.278950119740357e-07,0.05
Pearson,23,20,0.059151594266210805,0.15276755936281075
RF,23,20,0.0028982369691779508,0.05
Linear,23,20,0.001515358760469464,0.05
Morris,24,20,6.943579713609096e-05,0.05
Sobol,24,20,0.0074980455694728335,0.035167448022559826
Fast,24,20,0.13623367308372294,0.20663652721386003
RDB-Fast,24,20,0.493323479094817,0.4349150401072544
Delta,24,20,0.02241047316602986,0.09931632110273907
DGSM,24,20,0.0002611736458329567,0.05
R2,24,20,1.8565635367399818e-10,0.05
Pearson,24,20,0.0466671053368437,0.18092863821824945
RF,24,20,0.001962403704106257,0.05
Linear,24,20,0.0012783107865914673,0.05
